molecular formula,Altamaha_PP48_000107-2_p08
C8H10O6,2892020.8
C9H14O5,3740664.5
C10H18O4,2623484.0
C11H8O4,1189547.9
C8H12O6,2572717.8
C12H12O3,1315246.9
C9H16O5,2011312.8
C10H6O5,1359815.6
C11H10O4,3753802.3
C8H14O4S,1275338.5
C12H14O3,1625420.9
C10H8O5,3459023.5
C11H12O4,3941329.8
C12H16O3,2150868.0
C9H6O6,1450306.3
C10H10O5,5274692.0
C11H14O4,3971142.3
C10H13O4N,1146873.9
C9H8O6,2879144.0
C10H12O5,7996585.5
C11H16O4,3270827.5
C9H11O5N,1854167.3
C9H10O6,8195330.0
C10H14O5,9635076.0
C11H18O4,1747973.1
C8H8O5S,2137426.3
C8H8O7,1504851.0
C9H12O6,9989460.0
C10H16O5,5989718.0
C11H20O4,1823831.3
C8H10O7,1913505.4
C12H10O4,2179234.0
C9H14O4S,1715874.1
C9H14O6,4112290.8
C13H14O3,1316643.4
C10H18O5,2229156.3
C11H8O5,2307822.8
C12H12O4,3196400.3
C13H16O3,1406705.6
C11H11O4N,1153559.9
C10H6O6,1630527.0
C11H10O5,5059136.5
C12H14O4,12955202.0
C14H22O2,1777733.1
C10H9O5N,1600875.4
C11H13O4N,1165421.0
C10H8O6,4256920.0
C11H12O5,9302682.0
C12H16O4,4566171.5
C10H11O5N,1338441.6
C9H6O7,1587194.3
C10H10O6,9268988.0
C11H14O5,12375806.0
C12H18O4,4175616.0
C10H13O5N,1651509.0
C9H8O7,2585453.0
C10H12O6,15085423.0
C11H16O5,9991026.0
C12H20O4,2220915.8
C9H10O5S,1558769.3
C9H10O7,4664306.5
C13H10O4,1331955.6
C10H14O6,12330997.0
C11H18O5,2930167.8
C12H22O4,1433850.4
C12H8O5,1779340.9
C9H12O5S,2191757.0
C9H12O7,4654222.5
C13H12O4,2808463.8
C10H16O6,5027473.5
C11H20O5,1238676.8
C11H6O6,1765695.3
C12H10O5,4455747.0
C9H14O5S,1604419.1
C9H14O7,1589572.8
C13H14O4,4896582.5
C10H18O6,1245768.4
C14H18O3,1649225.9
C15H22O2,5610829.5
C11H8O6,5575184.0
C12H12O5,10097172.0
C11H12O4N2,1252629.5
C13H16O4,5291544.5
C14H20O3,1663516.4
C11H11O5N,1808517.8
C10H6O7,1812471.8
C11H10O6,10357500.0
C12H14O5,12405505.0
C13H18O4,6149893.5
C11H13O5N,2058623.4
C10H8O5S,1273211.5
C10H8O7,3919358.0
C11H12O6,13845507.0
C12H16O5,13114376.0
C13H20O4,12571661.0
C10H11O6N,1430414.1
C11H15O5N,1426835.4
C10H10O5S,1571099.4
C10H10O7,8268062.0
C11H14O6,15752483.0
C12H18O5,6972713.0
C13H22O4,1408558.3
C10H13O6N,2000827.3
C12H21O4N,2595014.5
C13H25O3N,2139852.3
C13H8O5,1193172.0
C10H12O5S,1831508.6
C10H12O7,16105047.0
C14H12O4,1321305.9
C11H16O6,13723229.0
C12H20O5,3413603.3
C13H24O4,1725161.1
C9H10O6S,1374496.4
C9H10O8,2263459.5
C13H10O5,3754918.0
C10H14O5S,4736934.5
C10H14O7,10241962.0
C14H14O4,2941356.5
C11H18O6,7086000.0
C12H22O5,2078646.4
C11H21O5N,1333606.9
C12H8O6,4686089.5
C9H12O6S,1965578.3
C9H12O8,1357837.6
C13H12O5,8127760.5
C10H16O5S,1379089.1
C10H16O7,3090196.3
C14H16O4,5072151.0
C11H20O6,1324827.1
C15H20O3,1754142.0
C12H11O5N,1618636.1
C11H6O7,1874052.1
C12H10O6,11946635.0
C9H14O6S,1674892.0
C13H14O5,11457171.0
C10H18O5S,1506195.3
C14H18O4,5980825.5
C15H22O3,1965984.9
C11H9O6N,1332818.4
C12H13O5N,1737817.8
C14H21O3N,1450600.5
C11H8O7,5403676.5
C12H12O6,12858404.0
C13H16O5,11383852.0
C10H20O5S,1246636.5
C14H20O4,4978739.5
C11H11O6N,1913334.5
C12H15O5N,1415678.3
C14H6OS2,1416127.3
C10H6O8,1225155.8
C11H10O7,10171852.0
C12H14O6,17948116.0
C13H18O5,12527068.0
C14H22O4,3583459.8
C10H9O7N,1280936.8
C11H13O6N,2631857.0
C11H12O5S,2069900.8
C11H12O7,19603344.0
C15H12O4,1226132.4
C12H16O6,23224218.0
C13H20O5,7794593.5
C16H32O2,2393018.8
C10H11O7N,1424760.5
C11H15O6N,1630721.1
C10H10O6S,1337950.5
C10H10O8,8498531.0
C14H10O5,2791782.5
C11H14O5S,2272615.3
C11H14O7,27021676.0
C15H14O4,2624879.3
C12H18O6,16699764.0
C13H22O5,3573117.0
C14H26O4,1848197.8
C13H8O6,2920780.8
C10H12O6S,2408013.5
C10H12O8,13202258.0
C14H12O5,4997974.0
C11H16O5S,1813846.6
C11H16O7,13667163.0
C15H16O4,2686815.0
C12H20O6,5786468.5
C13H24O5,1300845.4
C12H6O7,1332550.6
C9H10O7S,1227847.6
C13H10O6,9829712.0
C10H14O6S,2620241.0
C10H14O8,5379413.5
C14H14O5,8862042.0
C11H18O7,3266911.3
C15H18O4,5277027.0
C12H22O6,2125928.8
C12H9O6N,1411670.0
C13H13O5N,1567583.6
C12H8O7,5465949.5
C9H12O7S,1547358.5
C13H12O6,14243687.0
C10H16O6S,1710952.4
C14H16O5,11288433.0
C15H20O4,5579643.0
C12H11O6N,2318711.0
C13H15O5N,1944704.9
C11H6O8,1202941.8
C12H10O7,12247432.0
C11H10O6N2,1330827.0
C13H14O6,16703890.0
C12H14O5N2,1661845.3
C14H18O5,13455772.0
C15H22O4,5420454.5
C12H26O4S,10408359.0
C11H9O7N,1498016.5
C12H13O6N,2617514.8
C13H17O5N,1655989.3
C13H21O3N3,1331138.9
C11H8O8,4719546.5
C12H12O5S,1616575.8
C12H12O7,19536836.0
C13H16O6,27208656.0
C14H20O5,12891098.0
C15H24O4,2733540.5
C11H11O7N,1696486.6
C12H15O6N,2423025.3
C11H10O6S,2083332.0
C11H10O8,12269065.0
C15H10O5,1220493.9
C12H14O5S,2704398.8
C12H14O7,34987540.0
C13H18O6,28986910.0
C14H22O5,8052266.0
C10H9O6NS,1522734.3
C11H13O7N,2707774.5
C12H17O6N,1522249.6
C10H8O9,1211102.8
C14H8O6,1895011.4
C11H12O6S,3104356.5
C11H12O8,31088746.0
C15H12O5,2983022.5
C12H16O5S,3022447.5
C12H16O7,37904500.0
C16H16O4,1368697.6
C13H20O6,15020160.0
C14H24O5,2395275.3
C15H28O4,1281686.5
C14H11O5N,1325217.4
C11H15O7N,2317736.0
C13H6O7,1487305.4
C10H10O7S,1854666.4
C10H10O9,3163344.0
C10H14O3N2S2,1232467.8
C14H10O6,6211285.0
C11H14O6S,3032277.8
C11H14O8,28021468.0
C15H14O5,5543648.0
C12H18O5S,1221089.4
C12H18O7,17740518.0
C16H18O4,2831083.8
C13H22O6,4902642.5
C13H9O6N,1955343.8
C14H13O5N,1529883.4
C13H8O7,5838155.0
C10H12O7S,2709324.3
C10H12O9,2750801.8
C14H12O6,12125527.0
C11H16O6S,3198295.8
C11H16O8,9069918.0
C15H16O5,8959330.0
C12H20O7,4159849.3
C16H20O4,2995566.3
C17H24O3,1233018.0
C13H11O6N,2787481.8
C10H15O8N,1356960.6
C14H15O5N,1903525.6
C12H6O8,1329360.6
C13H10O7,12503005.0
C10H14O7S,2649053.8
C14H14O6,16873448.0
C13H14O5N2,1432556.4
C11H18O8,1298415.6
C15H18O5,11948021.0
C16H22O4,4942849.0
C14H30O3S,1598477.9
C12H9O7N,1696295.1
C13H13O6N,2633011.3
C14H17O5N,1222207.5
C12H8O8,4301937.5
C13H12O7,19212926.0
C10H16O7S,1348478.9
C12H12O6N2,1380481.5
C14H16O6,22948490.0
C15H20O5,16589462.0
C16H24O4,1455010.6
C12H11O7N,2538959.8
C13H15O6N,2778588.0
C12H10O6S,1297819.0
C12H10O8,11773217.0
C13H14O7,27852078.0
C12H14O6N2,1383985.6
C14H18O6,28368186.0
C15H22O5,13747527.0
C12H13O7N,3152006.8
C13H17O6N,2776211.5
C11H8O9,2229714.5
C12H12O6S,2465241.0
C12H12O8,28028896.0
C16H12O5,2000612.5
C13H16O5S,2674661.8
C13H16O7,45158380.0
C14H20O6,26783736.0
C15H24O5,6466565.5
C18H36O2,2623020.0
C11H11O8N,1953343.0
C12H15O7N,3520331.8
C13H19O6N,1336408.8
C11H10O7S,1676695.6
C11H10O9,7517854.0
C15H10O6,3419811.5
C12H14O6S,2336420.5
C12H14O8,47960748.0
C16H14O5,3049136.5
C13H18O5S,3167409.8
C13H18O7,40817336.0
C14H22O6,12153541.0
C15H26O5,1995986.1
C16H30O4,1502687.1
C11H13O8N,1945361.3
C12H17O7N,2315806.5
C14H8O7,2490734.8
C11H12O7S,2807664.0
C11H12O9,17818998.0
C15H12O6,6388092.0
C12H16O6S,3100541.5
C12H16O8,37082500.0
C16H16O5,4822409.5
C13H20O5S,1340426.6
C13H20O7,14701969.0
C17H20O4,1808534.6
C14H24O6,3656094.5
C15H28O5,2073515.6
C14H11O6N,2665704.5
C11H15O8N,1284400.3
C15H15O5N,1278709.9
C13H23O6N,1425163.0
C14H10O7,11513940.0
C11H14O7S,3197524.8
C11H14O9,12234843.0
C15H14O6,12863585.0
C12H18O6S,2323042.3
C14H14O5N2,1246053.1
C12H18O8,10440809.0
C16H18O5,8396910.0
C13H22O7,3619958.3
C17H22O4,2446460.0
C13H9O7N,2218949.3
C14H13O6N,3533779.0
C15H17O5N,1604064.5
C13H8O8,6016821.5
C10H12O8S,1770038.8
C14H12O7,19393348.0
C11H16O7S,2953540.3
C13H12O6N2,1521479.4
C11H16O9,2698059.0
C15H16O6,19921744.0
C14H16O5N2,1649493.0
C16H20O5,9714526.0
C17H24O4,2457964.0
C15H32O3S,1367931.0
C13H11O7N,2240697.8
C10H15O9N,1275585.9
C14H15O6N,3448007.5
C15H19O5N,1699797.4
C13H10O8,13794863.0
C10H14O8S,2220079.8
C14H14O7,25734716.0
C13H14O6N2,2359360.8
C15H18O6,27504202.0
C16H22O5,8732248.0
C17H26O4,125427304.0
C14H30O4S,5343847.0
C13H13O7N,3700663.5
C14H17O6N,3277765.3
C15H21O5N,1361107.3
C11H4O6S2,1558534.6
C12H8O9,3092258.0
C13H12O8,23478576.0
C14H16O5S,1600311.3
C14H16O7,38814016.0
C13H16O6N2,1708866.4
C15H20O6,34373964.0
C16H24O5,4447578.0
C12H11O8N,1881262.9
C13H15O7N,4019900.8
C14H19O6N,1434314.9
C12H10O7S,1747492.0
C12H10O9,9286699.0
C13H14O6S,1757234.1
C13H14O8,38183992.0
C14H18O5S,2445888.3
C14H18O7,47465544.0
C15H22O6,22156374.0
C16H26O3S,22623324.0
C16H26O5,2045027.3
C12H13O8N,3077051.0
C13H17O7N,3620809.0
C17H21O2N3,4298209.5
C15H8O7,1885745.5
C12H12O7S,2829106.8
C12H12O9,24774458.0
C16H12O6,3864383.8
C13H16O6S,2399553.0
C13H16O8,57812808.0
C12H16O7N2,1652556.4
C17H16O5,2346830.0
C14H20O5S,2520399.3
C14H20O7,36964184.0
C15H24O6,9394020.0
C16H28O5,2120818.5
C17H32O4,1672576.8
C12H15O8N,3444940.5
C13H19O7N,2111450.8
C14H6O8,1873975.0
C11H10O8S,2091832.4
C11H10O10,2719295.3
C15H10O7,5715525.0
C12H14O7S,3450438.5
C12H14O9,35293772.0
C16H14O6,6735443.5
C13H18O6S,2862164.8
C13H18O8,35514972.0
C17H18O5,4733538.0
C14H22O7,12458602.0
C18H22O4,2346608.0
C15H26O6,3362936.3
C14H9O7N,1529035.6
C15H13O6N,2192858.0
C12H17O6NS,1315547.3
C12H17O8N,1892322.3
C13H21O7N,1401584.5
C14H8O8,4356430.5
C11H12O8S,2354511.8
C11H12O10,4779350.5
C15H12O7,12957021.0
C12H16O7S,4211038.0
C14H12O6N2,1501025.1
C12H16O9,16563557.0
C16H16O6,11466091.0
C13H20O6S,2395500.3
C13H20O8,10810739.0
C17H20O5,6746489.5
C14H24O7,3679105.5
C13H24O6N2,1413766.0
C18H24O4,2647943.5
C14H11O7N,2796260.5
C11H15O9N,1425900.8
C15H15O6N,3066098.8
C12H19O8N,1876219.0
C13H23O7N,1539337.4
C14H10O8,14966888.0
C11H14O8S,2350697.5
C11H14O10,2510448.5
C15H14O7,23941238.0
C12H18O7S,3364472.0
C14H14O6N2,2575995.0
C12H18O9,3289726.8
C16H18O6,18739332.0
C13H22O6S,1323142.3
C15H18O5N2,1581961.4
C17H22O5,8933523.0
C18H26O4,2046113.6
C16H34O3S,1442737.4
C13H9O8N,1705456.8
C14H13O7N,4923903.0
C11H17O9N,2315271.5
C15H17O6N,3559437.5
C13H8O9,4455285.0
C14H12O8,29045636.0
C11H16O8S,1561476.6
C13H12O7N2,1449351.8
C15H16O7,36148112.0
C14H16O6N2,3303830.3
C12H20O9,1385626.1
C16H20O6,27374496.0
C17H24O5,8190894.5
C15H32O4S,1563070.1
C13H11O8N,2845964.0
C14H15O7N,5077274.5
C11H19O9N,1375266.9
C15H19O6N,2960680.8
C13H10O9,12783248.0
C14H14O6S,1562775.6
C14H14O8,39376544.0
C13H14O7N2,2181283.0
C15H18O7,50845356.0
C14H18O6N2,1983153.4
C16H22O6,24172220.0
C17H26O5,5307081.5
C14H30O5S,5977803.0
C13H13O8N,4248615.0
C14H17O7N,4321333.0
C15H21O6N,1559619.5
C16H8O7,1341090.0
C13H12O7S,1692835.4
C13H12O9,25328042.0
C17H12O6,1397936.4
C14H16O6S,1731761.6
C21H12O3,1354806.4
C14H16O8,57407928.0
C13H16O7N2,1808829.1
C18H16O5,1791678.8
C15H20O5S,2618304.0
C22H16O2,1426628.8
C15H20O7,52926920.0
C16H24O6,10584533.0
C17H28O3S,62274012.0
C17H28O5,1903075.6
C16H11O6N,1344311.8
C13H15O8N,4077376.0
C14H19O7N,2977102.3
C18H23O2N3,10105703.0
C12H10O8S,1475757.0
C12H10O10,4380852.0
C16H10O7,2389690.0
C13H14O7S,2751675.3
C13H14O9,39664836.0
C17H14O6,3055816.3
C14H18O6S,2390729.5
C14H18O8,55966928.0
C18H18O5,1658838.5
C15H22O5S,2574039.8
C15H22O7,26418398.0
C16H26O6,3373805.0
C18H34O4,1572873.5
C12H13O9N,1796935.9
C16H13O6N,1659726.0
C13H17O8N,3983446.3
C14H21O7N,1548900.4
C15H8O8,3133888.0
C12H12O8S,2966977.5
C12H12O10,14096328.0
C16H12O7,6344654.0
C13H16O7S,3561935.5
C13H16O9,46186456.0
C17H16O6,5792732.5
C14H20O6S,2534365.8
C14H20O8,29851620.0
C18H20O5,3551722.5
C15H24O7,9512947.0
C16H28O6,2213377.0
C15H11O7N,1960785.9
C12H15O9N,1548122.1
C16H15O6N,1916768.0
C13H19O8N,2983784.3
C15H10O8,8374992.0
C12H14O8S,3346641.0
C12H14O10,16040664.0
C16H14O7,14602974.0
C13H18O7S,3583711.3
C15H14O6N2,2433250.3
C13H18O9,17818342.0
C17H18O6,9259756.0
C14H22O6S,2292973.3
C16H18O5N2,1648368.4
C14H22O8,8475380.0
C18H22O5,10285818.0
C15H26O5S,1373179.4
C15H26O7,2385666.3
C19H26O4,2070792.1
C16H34O4N2,2435362.8
C14H9O8N,1970768.6
C15H13O7N,3645534.8
C14H13O6N3,1551459.0
C12H17O9N,3429991.0
C16H17O6N,1713516.8
C13H21O8N,2547316.8
C14H8O9,3968459.5
C15H12O6S,1421138.8
C15H12O8,22894042.0
C12H16O8S,3163610.8
C14H12O7N2,1579742.0
C12H16O10,5667297.5
C16H16O7,22746600.0
C13H20O7S,2159592.8
C15H16O6N2,2835948.0
C13H20O9,3818991.8
C17H20O6,17683958.0
C14H24O8,1451005.6
C18H24O5,13037059.0
C19H28O4,1947153.5
C14H11O8N,3259223.0
C11H15O10N,1807199.1
C15H15O7N,5420901.0
C12H19O9N,3076461.0
C16H19O6N,2413427.0
C13H23O8N,2652027.0
C16H35O5N,9967525.0
C14H10O9,15829198.0
C15H14O8,39708892.0
C12H18O8S,3256029.5
C14H14O7N2,3076320.5
C16H18O7,38340844.0
C15H18O6N2,2966254.5
C17H22O6,24725752.0
C18H26O5,7017734.0
C14H13O8N,6173270.0
C11H17O10N,1847901.8
C15H17O7N,5775971.5
C12H21O9N,1858667.5
C16H21O6N,1532785.3
C13H25O8N,1720953.3
C13H8O10,2671035.3
C14H12O7S,2193858.3
C14H12O9,37129160.0
C11H16O9S,1769930.1
C15H16O8,65735640.0
C14H16O7N2,3532250.8
C16H20O7,63392740.0
C15H20O6N2,1710056.5
C17H24O6,21109746.0
C18H28O5,3335679.5
C13H11O9N,2467646.0
C14H15O8N,6997323.5
C15H19O7N,5059929.0
C13H10O10,8949420.0
C17H10O7,2306226.0
C14H14O7S,2766003.3
C14H14O9,54423224.0
C13H14O8N2,1600190.0
C18H14O6,2212031.5
C15H18O6S,1872576.8
C15H18O8,84315848.0
C14H18O7N2,2608843.5
C19H18O5,1518029.0
C16H22O5S,2851022.3
C16H22O7,45166292.0
C24H22O,2270688.3
C17H26O6,9342690.0
C18H30O3S,59723496.0
C13H13O9N,3575849.8
C14H17O8N,4927543.0
C15H21O7N,3028036.5
C19H25O2N3,10047580.0
C16H8O8,1890699.0
C13H12O8S,2683276.3
C13H12O10,21877138.0
C17H12O7,3554712.5
C14H16O7S,3267993.5
C14H16O9,68391328.0
C13H16O8N2,1605028.1
C18H16O6,3268517.8
C15H20O6S,2401191.0
C15H20O8,67998128.0
C19H20O5,1997234.9
C16H24O5S,1664692.3
C16H24O7,17600954.0
C17H28O6,2684360.0
C16H11O7N,1682434.6
C13H15O9N,3998474.3
C14H19O8N,3878679.5
C15H23O7N,1398308.6
C12H10O11,1560160.3
C16H10O8,4281445.5
C13H14O8S,3160167.0
C13H14O10,33166446.0
C17H14O7,7316595.0
C14H18O7S,4045940.0
C14H18O9,48755836.0
C18H18O6,5513344.0
C15H22O6S,2685057.0
C15H22O8,25855112.0
C16H26O7,5206164.5
C12H13O10N,1376209.3
C16H13O7N,2228694.8
C13H17O9N,2513886.3
C17H17O6N,1532899.6
C14H21O8N,2494955.0
C15H25O7N,26252792.0
C15H8O9,2063142.4
C12H12O11,3684141.8
C23H8O3,1711665.3
C16H12O8,10610483.0
C13H16O8S,3359028.5
C13H16O10,22124346.0
C17H16O7,11915072.0
C14H20O7S,2890049.3
C14H20O9,16545607.0
C18H20O6,8671053.0
C15H24O6S,2213710.0
C15H24O8,6435668.5
C19H24O5,4890457.5
C16H28O7,1523809.1
C15H11O8N,3163280.3
C16H15O7N,2902173.0
C13H19O9N,3734692.3
C14H23O8N,1587889.0
C15H10O9,9546214.0
C12H14O9S,2055655.0
C12H14O11,3409901.0
C16H14O8,22317554.0
C13H18O8S,3377139.5
C15H14O7N2,2712310.3
C13H18O10,6959609.5
C17H18O7,20023806.0
C14H22O7S,2296320.0
C16H18O6N2,2208259.0
C14H22O9,3422214.3
C18H22O6,15522316.0
C15H26O6S,1639948.6
C19H26O5,7003672.0
C15H13O8N,4184904.0
C12H17O10N,2355279.3
C16H17O7N,4066132.3
C13H21O9N,3851099.5
C17H21O6N,1842528.8
C14H8O10,2579081.5
C15H12O9,28482710.0
C12H16O9S,1603990.9
C14H12O8N2,1593241.6
C16H16O8,38739108.0
C13H20O8S,2660515.3
C15H16O7N2,4487334.0
C13H20O10,1807529.1
C17H20O7,35249328.0
C18H24O6,20561082.0
C19H28O5,4741319.0
C14H11O9N,2886115.3
C15H15O8N,6245871.5
C12H19O10N,2267126.5
C16H19O7N,4059643.5
C13H23O9N,2236930.5
C14H10O10,12504873.0
C15H14O7S,2142511.0
C22H10O4,2438963.0
C15H14O9,54173492.0
C14H14O8N2,3266872.8
C16H18O8,68427584.0
C15H18O7N2,4188996.5
C17H22O7,52338508.0
C18H26O6,15949657.0
C19H30O5,1729124.8
C16H34O5S,3177829.8
C14H13O9N,5184634.0
C11H17O11N,1488256.8
C15H17O8N,7866501.5
C14H17O7N3,1483145.3
C16H21O7N,3843217.5
C17H8O8,1772463.9
C14H12O8S,3040689.0
C14H12O10,30974390.0
C18H12O7,3027899.5
C15H16O7S,3159484.5
C15H16O9,82928064.0
C14H16O8N2,4081093.8
C19H16O6,2766791.0
C23H16O3,2576332.0
C16H20O8,93659600.0
C15H20O7N2,2705361.3
C17H24O5S,1918419.8
C17H24O7,38568408.0
C18H28O6,6406629.0
C19H32O3S,21840362.0
C17H11O7N,1411063.3
C14H15O9N,6896382.0
C15H19O8N,6529801.5
C16H23O7N,2199828.8
C20H27O2N3,4379432.5
C13H10O9S,1721376.9
C13H10O11,4182054.5
C17H10O8,4096555.3
C14H14O8S,4319276.0
C14H14O10,62481456.0
C13H14O9N2,1593397.3
C18H14O7,5357622.5
C15H18O7S,4469815.5
C15H18O9,102556736.0
C14H18O8N2,2334784.5
C19H18O6,4127809.8
C16H22O6S,2440258.8
C16H22O8,64676936.0
C15H22O7N2,1409867.8
C20H22O5,2153549.0
C17H26O7,16491604.0
C18H30O6,2960479.0
C13H13O10N,2955621.0
C17H13O7N,2077033.6
C14H17O9N,6278512.0
C15H21O8N,4482427.5
C16H8O9,2756234.5
C13H12O9S,3108491.5
C13H12O11,12811921.0
C24H8O3,1464723.9
C17H12O8,8588950.0
C14H16O8S,3447446.5
C14H16O10,72033944.0
C18H16O7,8715937.0
C15H20O7S,5315233.5
C15H20O9,59893416.0
C26H16O,2745001.8
C14H20O8N2,1696682.4
C19H20O6,6620843.5
C16H24O6S,1490604.6
C16H24O8,22443698.0
C20H24O5,2926774.5
C17H28O7,3731133.0
C16H11O8N,2305985.3
C13H15O10N,2596807.5
C17H15O7N,3063244.0
C14H19O9N,4998098.5
C15H23O8N,2165725.3
C16H10O9,7624934.0
C13H14O9S,2779367.0
C13H14O11,16304364.0
C24H10O3,1954543.0
C17H14O8,14969073.0
C14H18O8S,4082929.8
C16H14O7N2,1712372.1
C14H18O10,35760376.0
C18H18O7,13727996.0
C15H22O7S,4498684.5
C17H18O6N2,2270975.0
C15H22O9,17725698.0
C19H22O6,10780934.0
C16H26O8,4818188.5
C20H26O5,4828433.0
C15H9O9N,1591818.9
C12H13O11N,1468433.1
C16H13O8N,3227157.5
C13H17O10N,3231259.8
C17H17O7N,2342944.3
C14H21O9N,3712550.5
C18H21O6N,1637930.9
C15H8O10,2108201.5
C16H12O7S,1795887.0
C23H8O4,2145586.5
C16H12O9,18471732.0
C13H16O9S,2553653.0
C13H16O11,8280890.0
C24H12O3,5041981.0
C17H16O8,23997246.0
C14H20O8S,3244863.5
C16H16O7N2,3251522.0
C14H20O10,8172356.5
C18H20O7,21297994.0
C15H24O7S,2653002.3
C17H20O6N2,1977164.5
C15H24O9,3844943.3
C26H20O,2549074.0
C19H24O6,14584660.0
C20H28O5,4929374.0
C15H11O9N,2597971.0
C16H15O8N,5012573.5
C13H19O10N,3363939.5
C17H19O7N,3124328.0
C14H23O9N,2327406.0
C15H10O10,10100076.0
C23H10O4,2359669.0
C16H14O9,32066934.0
C13H18O9S,1859447.6
C15H14O8N2,2655609.8
C13H18O11,1696636.6
C17H18O8,34753920.0
C14H22O8S,1974657.9
C16H18O7N2,4365700.0
C25H18O2,3596681.8
C18H22O7,32132492.0
C15H26O7S,1620364.3
C19H26O6,14474646.0
C20H30O5,2287520.0
C15H13O9N,4255376.5
C12H17O11N,1671062.6
C16H17O8N,5553819.0
C13H21O10N,3208352.8
C17H21O7N,3070117.3
C15H12O8S,2434976.3
C15H12O10,29028262.0
C23H12O4,3161006.0
C16H16O9,50704304.0
C15H16O8N2,3774386.8
C24H16O3,5411768.0
C17H20O8,58142648.0
C16H20O7N2,2896828.8
C25H20O2,2685890.3
C18H24O7,38449092.0
C19H28O6,9469902.0
C14H11O10N,1608891.3
C15H15O9N,6632645.5
C12H19O11N,1863371.3
C16H19O8N,5988559.5
C17H23O7N,1763033.6
C14H10O11,6172108.5
C18H10O8,2067408.5
C15H14O8S,3159505.5
C15H14O10,53015000.0
C16H18O9,79557088.0
C15H18O8N2,3297251.5
C17H22O8,69464552.0
C18H26O7,24666612.0
C19H30O6,4670974.5
C16H34O6S,7090687.5
C14H13O10N,3739369.0
C15H17O9N,7174899.0
C16H21O8N,5475069.0
C17H25O7N,1688839.0
C17H8O9,1979889.5
C14H12O9S,2903538.5
C14H12O11,18854904.0
C18H12O8,3694587.5
C15H16O8S,3834876.3
C15H16O10,81769472.0
C14H16O9N2,2461700.5
C19H16O7,4997125.5
C16H20O7S,3146758.3
C16H20O9,90371080.0
C15H20O8N2,1982478.4
C20H20O6,3015183.5
C17H24O8,43914260.0
C18H28O7,8959007.0
C19H32O6,1626153.1
C20H36O5,1495859.1
C17H11O8N,1603595.9
C14H15O10N,4726033.5
C18H15O7N,1634069.8
C15H19O9N,6032667.5
C16H23O8N,4253989.5
C17H27O7N,2202415.3
C13H10O12,2148884.0
C17H10O9,5829144.0
C14H14O9S,3869209.3
C14H14O11,37541404.0
C18H14O8,9659938.0
C15H18O8S,4313635.0
C15H18O10,80164392.0
C26H14O2,3896874.5
C19H18O7,7939628.0
C16H22O7S,3393069.0
C16H22O9,51263024.0
C20H22O6,5441078.0
C17H26O8,16258620.0
C21H26O5,2050367.9
C18H30O7,2974277.5
C13H13O11N,1488684.9
C17H13O8N,3087665.0
C14H17O10N,4784950.5
C18H17O7N,2609466.8
C15H21O9N,5898048.5
C16H25O8N,3446602.5
C16H8O10,2268210.5
C13H12O10S,1942067.4
C13H12O12,4959288.0
C17H12O9,13891644.0
C14H16O9S,4283453.5
C14H16O11,38885444.0
C18H16O8,18655302.0
C15H20O8S,5266503.0
C15H20O10,39589964.0
C19H20O7,15833168.0
C16H24O7S,1989713.0
C16H24O9,16521302.0
C27H20O,3263064.5
C20H24O6,9013338.0
C17H28O8,4000863.8
C21H28O5,2848868.0
C16H11O9N,3400010.8
C13H15O11N,2290000.5
C17H15O8N,4394324.5
C14H19O10N,5857626.5
C18H19O7N,2847582.5
C15H23O9N,4122980.3
C16H10O10,9056854.0
C13H14O10S,2588246.8
C17H14O7S,1461083.0
C13H14O12,4814427.5
C24H10O4,3376222.3
C17H14O9,26667616.0
C14H18O9S,4315744.5
C16H14O8N2,3233379.0
C14H18O11,16517734.0
C25H14O3,6785640.0
C18H18O8,30890602.0
C15H22O8S,6273642.5
C17H18O7N2,3670636.8
C15H22O10,9495151.0
C26H18O2,6162034.0
C19H22O7,26761844.0
C16H26O7S,1476724.5
C16H26O9,3756665.3
C20H26O6,14408317.0
C21H30O5,1648775.4
C16H13O9N,5375854.5
C13H17O11N,2809716.3
C17H17O8N,5285752.5
C16H17O7N3,1671291.5
C14H21O10N,5411710.0
C18H21O7N,3533698.3
C15H25O9N,2470280.0
C15H8O11,1945456.6
C16H12O8S,2109045.5
C16H12O10,25517178.0
C13H16O10S,2053755.4
C13H16O12,2219648.3
C17H16O9,41671812.0
C14H20O9S,2752133.3
C16H16O8N2,3804807.5
C14H20O11,3797130.3
C25H16O3,7806093.0
C18H20O8,44874896.0
C15H24O8S,3081359.3
C15H24O10,1921684.1
C19H24O7,35683480.0
C20H28O6,12733602.0
C15H11O10N,2243978.3
C16H15O9N,6036884.0
C15H15O8N3,1489303.3
C13H19O11N,2442138.0
C17H19O8N,5655966.0
C16H19O7N3,1502625.3
C14H23O10N,2531748.0
C18H23O7N,2780584.0
C15H27O9N,1456813.9
C15H10O11,7409304.0
C16H14O8S,2337437.0
C23H10O5,2080416.4
C16H14O10,46210720.0
C15H14O9N2,2784933.0
C24H14O4,5723818.5
C17H18O9,58359468.0
C16H18O8N2,5188271.0
C25H18O3,4867764.5
C18H22O8,61849268.0
C19H26O7,31735488.0
C20H30O6,6893258.0
C16H34O7N2,2193362.8
C15H13O10N,3473843.8
C16H17O9N,7077821.5
C15H17O8N3,1465280.8
C13H21O11N,2098627.5
C17H21O8N,4958152.0
C14H25O10N,1489869.6
C18H25O7N,1893841.8
C15H12O9S,2270399.0
C15H12O11,20324548.0
C19H12O8,2678984.0
C16H16O8S,3266761.0
C16H16O10,66584780.0
C15H16O9N2,3286737.0
C17H20O9,82116824.0
C16H20O8N2,3838171.3
C25H20O3,2676448.5
C18H24O8,56918244.0
C19H28O7,15855852.0
C20H32O6,2831606.3
C15H15O10N,4377059.0
C16H19O9N,7008749.0
C17H23O8N,4577783.0
C14H10O12,2279148.0
C18H10O9,3909360.5
C15H14O9S,2879217.3
C15H14O11,39273208.0
C19H14O8,4809466.5
C16H18O8S,3793659.5
C16H18O10,81904384.0
C15H18O9N2,2465539.8
C20H18O7,3476228.8
C17H22O9,68076296.0
C28H18O,2356493.5
C21H22O6,2535183.0
C18H26O8,26419988.0
C19H30O7,5196575.0
C20H34O6,1728297.5
C14H13O11N,2340879.0
C15H17O10N,5911577.5
C16H21O9N,4994083.5
C17H25O8N,2801198.0
C14H12O10S,2245921.5
C14H12O12,6878502.5
C18H12O9,7261483.0
C15H16O9S,3994924.0
C15H16O11,51414320.0
C19H16O8,7503157.5
C16H20O8S,2812214.3
C16H20O10,62981436.0
C27H16O2,3183934.3
C20H20O7,5519680.0
C17H24O7S,2262336.8
C17H24O9,32818502.0
C21H24O6,3609930.3
C18H28O8,7460176.0
C22H28O5,1832276.6
C17H11O9N,2018888.4
C14H15O11N,2523214.5
C18H15O8N,2835027.0
C15H19O10N,5382745.0
C19H19O7N,1538653.5
C16H23O9N,5088867.5
C17H27O8N,2689646.0
C17H10O10,5480293.0
C14H14O10S,2863462.3
C14H14O12,14047083.0
C25H10O4,1840494.3
C18H14O9,13883248.0
C15H18O9S,4444017.0
C15H18O11,39634804.0
C19H18O8,14493562.0
C16H22O8S,2573691.3
C16H22O10,28739456.0
C27H18O2,5801859.5
C20H22O7,10715013.0
C17H26O9,9322379.0
C21H26O6,4456335.5
C18H30O8,2355093.8
C20H42O4N2,2988985.0
C17H13O9N,3250835.0
C14H17O11N,3712153.3
C18H17O8N,3683485.5
C15H21O10N,6207652.0
C19H21O7N,2216616.3
C16H25O9N,3272878.5
C16H8O11,1699754.9
C24H8O5,1533876.1
C17H12O10,17312182.0
C14H16O10S,3329462.8
C14H16O12,12628412.0
C18H16O9,26593728.0
C15H20O9S,4357569.5
C15H20O11,14776775.0
C26H16O3,7883209.5
C19H20O8,25741772.0
C16H24O8S,2580940.3
C16H24O10,8470994.0
C20H24O7,18807254.0
C17H28O9,2555356.5
C21H28O6,6080993.0
C16H11O10N,2239199.3
C13H15O12N,1796325.6
C17H15O9N,6082282.0
C14H19O11N,3945200.5
C18H19O8N,4284149.0
C15H23O10N,5274363.5
C19H23O7N,2677504.0
C16H27O9N,2236166.5
C18H35O5NS,2185495.0
C16H10O11,6882313.0
C24H10O5,2529298.3
C17H14O10,38284308.0
C14H18O10S,2943509.0
C14H18O12,4043802.3
C18H18O9,42576928.0
C15H22O9S,3543072.0
C15H22O11,2864677.5
C26H18O3,7646248.5
C19H22O8,44231724.0
C16H26O10,1809712.5
C20H26O7,27757622.0
C21H30O6,5674048.0
C16H13O10N,5129541.0
C13H17O12N,1645899.3
C17H17O9N,7105872.0
C16H17O8N3,1685843.5
C14H21O11N,3874134.5
C18H21O8N,4644187.5
C17H21O7N3,2062174.8
C15H25O10N,2315617.8
C19H25O7N,1980774.5
C16H29O9N,2999661.0
C16H12O11,24788598.0
C24H12O5,3315328.0
C17H16O10,57986688.0
C25H16O4,5979787.5
C18H20O9,69684880.0
C19H24O8,61918872.0
C27H24O2,5075618.0
C20H28O7,23776932.0
C21H32O6,3492527.3
C16H15O10N,7501755.0
C13H19O12N,2667457.5
C17H19O9N,8187846.5
C18H23O8N,5043154.0
C15H10O12,3231977.3
C16H14O9S,3480815.3
C16H14O11,49025268.0
C15H14O10N2,2707192.5
C20H14O8,3365114.0
C17H18O8S,3569914.8
C17H18O10,89395456.0
C16H18O9N2,4979972.5
C18H22O9,99209488.0
C26H22O3,2331926.3
C19H26O8,55726360.0
C20H30O7,14094628.0
C21H34O6,1519151.6
C18H38O6S,1967408.6
C12H5O12N3,1653795.1
C15H13O11N,3345975.3
C19H13O8N,1612348.3
C16H17O10N,8006211.0
C17H21O9N,8512079.0
C18H25O8N,4642395.0
C15H12O10S,2410868.8
C15H12O12,13525883.0
C19H12O9,6088576.0
C16H16O9S,4407169.0
C16H16O11,81384328.0
C15H16O10N2,2788746.5
C20H16O8,5908364.0
C17H20O8S,3446669.0
C19H16O7N2,2282383.5
C17H20O10,106681232.0
C16H20O9N2,3891606.5
C21H20O7,3601304.0
C18H24O9,73896864.0
C29H20O,2897826.3
C22H24O6,2205092.0
C19H28O6S,1592741.1
C19H28O8,24675244.0
C20H32O7,5047223.0
C15H15O11N,4576467.0
C19H15O8N,2171096.5
C16H19O10N,8467680.0
C20H19O7N,1733348.6
C17H23O9N,6771948.0
C18H27O8N,3968248.0
C18H10O10,5633562.0
C15H14O10S,3241499.0
C15H14O12,27899426.0
C26H10O4,1598500.4
C19H14O9,10728998.0
C16H18O9S,4393511.5
C16H18O11,81172016.0
C27H14O3,2972721.0
C20H18O8,8054323.0
C17H22O8S,2645556.0
C17H22O10,68310584.0
C28H18O2,5422653.5
C21H22O7,6412863.5
C18H26O7S,2133056.5
C18H26O9,29038150.0
C22H26O6,2903627.8
C19H30O8,7345747.0
C23H30O5,1753688.3
C21H38O6,1527660.0
C18H13O9N,2583933.8
C15H17O11N,4991877.0
C19H17O8N,2581386.5
C16H21O10N,6826898.0
C17H25O9N,5419934.5
C18H29O8N,2227627.3
C14H12O13,1864913.4
C18H12O10,11163863.0
C15H16O10S,3531992.0
C15H16O12,31709406.0
C26H12O4,3025121.8
C19H16O9,15554788.0
C16H20O9S,3238116.8
C16H20O11,43538668.0
C27H16O3,6301934.5
C20H20O8,14391537.0
C17H24O8S,2122993.8
C17H24O10,24213752.0
C28H20O2,7487739.5
C21H24O7,9744637.0
C18H28O9,7493893.0
C29H24O,2683656.5
C22H28O6,4018442.3
C19H32O8,1736465.9
C17H11O10N,2145849.8
C14H15O12N,1965633.5
C18H15O9N,3486279.0
C15H19O11N,4312654.5
C19H19O8N,2589780.0
C16H23O10N,5494363.5
C17H27O9N,3497576.8
C17H10O11,6044575.0
C14H14O13,3861414.8
C25H10O5,2442154.3
C18H14O10,21494700.0
C15H18O10S,2667949.5
C15H18O12,18070452.0
C26H14O4,5287863.5
C19H18O9,25078714.0
C16H22O9S,3208122.8
C16H22O11,14166977.0
C27H18O3,7390149.0
C20H22O8,22186950.0
C17H26O8S,1853384.1
C17H26O10,5041102.5
C28H22O2,4872146.0
C21H26O7,13142996.0
C18H30O9,1649371.9
C22H30O6,4469729.5
C17H13O10N,3554588.0
C14H17O12N,2196772.0
C18H17O9N,4179241.8
C17H17O8N3,1711661.9
C15H21O11N,4051249.5
C19H21O8N,3014967.3
C16H25O10N,4180287.0
C17H29O9N,1632588.8
C17H12O11,16375438.0
C14H16O13,2617494.3
C25H12O5,3586714.0
C18H16O10,35176092.0
C15H20O10S,2612893.3
C15H20O12,4582052.0
C26H16O4,7206567.5
C19H20O9,37633704.0
C16H24O9S,1911467.1
C16H24O11,2803889.8
C20H24O8,33398456.0
C28H24O2,2504899.5
C21H28O7,14794437.0
C22H32O6,3015891.5
C17H15O10N,5199897.5
C14H19O12N,2102817.8
C18H19O9N,5288999.5
C15H23O11N,2744367.8
C19H23O8N,2928693.8
C16H27O10N,2112573.8
C16H10O12,3180427.3
C17H14O9S,2375058.8
C17H14O11,32661914.0
C18H18O10,45867432.0
C26H18O4,5810612.0
C19H22O9,56025528.0
C27H22O3,2530242.5
C20H26O8,36192708.0
C21H30O7,9652691.0
C16H13O11N,2638629.0
C17H17O10N,6078259.5
C14H21O12N,1710140.0
C18H21O9N,5747522.0
C15H25O11N,1717578.5
C19H25O8N,2749264.5
C16H12O10S,1837738.8
C16H12O12,11631794.0
C20H12O9,3121336.3
C17H16O9S,2730169.8
C17H16O11,49931456.0
C21H16O8,3287751.3
C18H20O10,70264016.0
C19H24O9,65152224.0
C27H24O3,1710059.1
C20H28O8,28001518.0
C21H32O7,4594940.5
C16H15O11N,4383321.0
C17H19O10N,7063144.5
C18H23O9N,5486199.5
C19H27O8N,2583686.5
C19H10O10,3162089.8
C16H14O10S,2927595.3
C16H14O12,29411314.0
C20H14O9,5403641.0
C17H18O9S,3642362.5
C17H18O11,70379520.0
C16H18O10N2,2298374.5
C21H18O8,3466248.3
C18H22O8S,2547209.8
C18H22O10,78997520.0
C22H22O7,2914839.5
C19H26O9,46876704.0
C20H30O8,13101104.0
C18H38O7S,4414528.5
C15H13O12N,1896854.4
C19H13O9N,2293148.8
C16H17O11N,6071718.0
C20H17O8N,1840044.3
C17H21O10N,7625141.5
C18H25O9N,5104068.5
C15H12O13,4509498.5
C19H12O10,7838529.0
C16H16O10S,3427138.5
C16H16O12,48884556.0
C27H12O4,2305358.3
C20H16O9,8870737.0
C17H20O9S,3618642.3
C19H16O8N2,2578773.5
C17H20O11,73116504.0
C21H20O8,7717728.5
C18H24O8S,1790817.9
C18H24O10,50539368.0
C22H24O7,4954992.0
C19H28O7S,2119537.3
C19H28O9,18893690.0
C23H28O6,2316159.8
C20H32O8,4858761.0
C18H11O10N,1785071.1
C15H15O12N,3070200.3
C19H15O9N,3625214.8
C16H19O11N,5607688.0
C20H19O8N,2079502.8
C17H23O10N,7669016.0
C18H27O9N,5384488.0
C18H10O11,5126813.0
C15H14O11S,2697374.3
C15H14O13,10469030.0
C26H10O5,1660586.4
C19H14O10,14159533.0
C16H18O10S,3989166.3
C16H18O12,46878392.0
C27H14O4,3872442.3
C20H18O9,15589053.0
C17H22O9S,4030142.3
C17H22O11,39489224.0
C21H22O8,13283021.0
C18H26O8S,2304206.3
C18H26O10,19590870.0
C29H22O2,6700762.5
C22H26O7,8124125.0
C19H30O9,5648102.0
C23H30O6,2835180.8
C18H13O10N,3559524.0
C15H17O12N,3372141.3
C19H17O9N,3767412.0
C16H21O11N,6363261.5
C20H21O8N,2128516.3
C17H25O10N,6578317.5
C18H29O9N,4073629.8
C18H12O11,12263962.0
C15H16O11S,2091547.4
C15H16O13,11469347.0
C26H12O5,3568167.8
C19H16O10,27013674.0
C16H20O10S,3582507.8
C16H20O12,23233076.0
C13H24O12S,1543733.0
C27H16O4,7887416.0
C20H20O9,25662010.0
C17H24O9S,3676732.0
C17H24O11,13165124.0
C28H20O3,9779784.0
C21H24O8,20001354.0
C18H28O10,4132436.3
C22H28O7,11831899.0
C19H32O9,1828452.6
C23H32O6,3157611.5
C17H11O11N,1728472.8
C18H15O10N,5052393.5
C15H19O12N,4003826.8
C19H19O9N,4173817.5
C18H19O8N3,1842174.8
C16H23O11N,5656579.0
C20H23O8N,3187210.0
C17H27O10N,4386835.5
C18H31O9N,2809380.0
C17H10O12,3624342.0
C25H10O6,2555300.0
C18H14O11,31012262.0
C15H18O11S,2782120.0
C15H18O13,5218736.0
C26H14O5,5565876.5
C19H18O10,43095480.0
C16H22O10S,3351992.5
C16H22O12,6776256.5
C27H18O4,8830405.0
C20H22O9,42735048.0
C17H26O9S,2887112.8
C17H26O11,2560465.0
C21H26O8,33273304.0
C22H30O7,13276649.0
C23H34O6,2644985.0
C17H13O11N,3619691.8
C14H17O13N,1561717.5
C18H17O10N,6934396.5
C17H17O9N3,2250625.5
C15H21O12N,4269958.0
C19H21O9N,5086093.0
C16H25O11N,4189078.8
C20H25O8N,2847133.8
C17H29O10N,2291623.5
C17H12O12,15194415.0
C18H16O9S,3058999.3
C25H12O6,2794813.0
C18H16O11,49953088.0
C19H20O10,63813968.0
C27H20O4,6017374.0
C20H24O9,63486304.0
C21H28O8,33454450.0
C22H32O7,7907714.5
C17H15O11N,5194506.0
C18H19O10N,7891739.0
C17H19O9N3,2001696.0
C15H23O12N,2089764.6
C19H23O9N,5264171.5
C16H27O11N,2082101.4
C20H27O8N,2364732.5
C17H14O10S,2733769.3
C17H14O12,31472850.0
C21H14O9,3424472.5
C18H18O9S,2790618.0
C18H18O11,65191140.0
C26H18O5,3589360.8
C19H22O10,80706800.0
C27H22O4,2979073.5
C20H26O9,58752260.0
C21H30O8,17493270.0
C22H34O7,3877158.0
C16H13O12N,1813152.0
C17H17O11N,5828273.0
C18H21O10N,7251650.0
C19H25O9N,5180115.0
C20H29O8N,1564899.9
C16H12O13,6366314.5
C20H12O10,5241970.0
C17H16O10S,3404915.5
C17H16O12,47112316.0
C21H16O9,5420163.0
C18H20O11,68075664.0
C17H20O10N2,3308690.0
C22H20O8,3715219.8
C19H24O8S,2214037.5
C19H24O10,67272864.0
C30H20O2,2827426.3
C23H24O7,2530981.0
C20H28O9,30851246.0
C21H32O8,7215295.5
C16H15O12N,3096653.0
C20H15O9N,2137172.3
C17H19O11N,5954142.0
C21H19O8N,1861733.0
C18H23O10N,6505071.0
C19H27O9N,3739264.0
C19H10O11,3487248.0
C16H14O11S,2399249.5
C16H14O13,13648922.0
C20H14O10,8211489.0
C17H18O10S,3524642.5
C17H18O12,52839468.0
C21H18O9,7773234.0
C18H22O9S,3097651.5
C18H22O11,56869948.0
C22H22O8,6370371.0
C19H26O8S,1928772.5
C19H26O10,33989708.0
C30H22O2,3381329.5
C23H26O7,3396692.0
C20H30O7S,1706325.5
C20H30O9,11566174.0
C21H34O8,1940079.0
C19H13O10N,2362355.5
C16H17O12N,3897853.5
C20H17O9N,2125316.5
C28H17ONS,1609354.5
C17H21O11N,5786126.5
C21H21O8N,1804309.6
C18H25O10N,5610015.5
C19H29O9N,2647600.8
C19H12O11,8513473.0
C16H16O11S,3209666.8
C16H16O13,20109258.0
C27H12O5,2754511.5
C20H16O10,13965266.0
C17H20O10S,2791379.5
C17H20O12,37480412.0
C28H16O4,4378592.5
C21H20O9,11839459.0
C18H24O9S,2349028.8
C18H24O11,26109934.0
C29H20O3,6113265.5
C22H24O8,9773044.0
C19H28O8S,2416629.8
C19H28O10,12281854.0
C23H28O7,5580805.5
C20H32O9,3226639.3
C24H32O6,2034710.4
C15H15O13N,1602717.6
C19H15O10N,2802596.8
C16H19O12N,3630510.8
C20H19O9N,3082678.0
C17H23O11N,6001088.0
C21H23O8N,2097095.0
C18H27O10N,4997585.0
C25H27ON3S,2205147.8
C19H31O9N,1880034.0
C18H10O12,2915169.0
C26H10O6,1874287.3
C19H14O11,15821682.0
C16H18O11S,2546547.5
C16H18O13,15543164.0
C27H14O5,3460992.3
C20H18O10,20355970.0
C17H22O10S,2736516.5
C17H22O12,16223117.0
C28H18O4,6808465.5
C21H22O9,17611668.0
C18H26O9S,2098069.5
C18H26O11,8192926.0
C22H26O8,14101413.0
C19H30O10,2526639.0
C23H30O7,6560694.0
C24H34O6,1892807.0
C18H13O11N,2134851.5
C15H17O13N,2014029.4
C19H17O10N,4168020.5
C18H17O9N3,1719897.9
C16H21O12N,3679582.5
C20H21O9N,3219813.5
C17H25O11N,4932975.5
C21H25O8N,1957238.8
C18H29O10N,3448704.3
C17H8O9S2,5885677.5
C18H12O12,8546063.0
C15H16O14,1714456.5
C26H12O6,1979677.3
C19H16O11,24076064.0
C16H20O11S,2169121.3
C16H20O13,6420265.5
C27H16O5,5185326.0
C20H20O10,25939760.0
C17H24O10S,2141490.3
C17H24O12,3965754.5
C21H24O9,25096002.0
C18H28O11,2396491.5
C22H28O8,17538898.0
C23H32O7,5080931.5
C18H15O11N,3957999.0
C15H19O13N,1568504.8
C19H19O10N,4738304.0
C16H23O12N,3295497.5
C20H23O9N,3270416.8
C17H27O11N,2775322.5
C18H14O10S,2022575.1
C18H14O12,21512888.0
C19H18O9S,2196671.8
C27H18OS2,2201285.5
C19H18O11,35975880.0
C29H14O2N2,1837265.5
C20H22O10,41325272.0
C21H26O9,34771688.0
C27H22O3N2,8749804.0
C29H26O3,1827063.9
C22H30O8,16327419.0
C23H34O7,3477259.3
C20H38O7S,5029645.0
C17H13O12N,1787010.9
C18H17O11N,4977811.5
C19H21O10N,5516452.5
C18H21O9N3,1611433.4
C16H25O12N,2038446.0
C20H25O9N,3205301.0
C17H29O11N,1635518.8
C17H12O13,5951047.0
C18H16O10S,2730063.3
C18H16O12,36730456.0
C19H20O11,52369000.0
C27H20O5,2973814.3
C20H24O10,57759352.0
C21H28O9,32765578.0
C22H32O8,9606810.0
C17H15O12N,2928670.0
C18H19O11N,6403118.5
C19H23O10N,5070911.0
C20H27O9N,3813455.8
C20H10O11,2279379.0
C17H14O13,16579036.0
C21H14O10,4866531.5
C18H18O10S,3178468.8
C18H18O12,52468204.0
C22H18O9,4395507.5
C19H22O11,65952252.0
C23H22O8,3587076.3
C20H26O10,51288588.0
C21H30O9,18332190.0
C22H34O8,3415598.8
C20H13O10N,1770403.8
C17H17O12N,4674477.0
C18H21O11N,6182845.5
C19H25O10N,5383118.0
C20H29O9N,3868638.3
C20H12O11,6593883.5
C17H16O11S,2808157.0
C17H16O13,29277540.0
C21H16O10,8830316.0
C18H20O10S,2994541.0
C18H20O12,59858292.0
C17H20O11N2,2853242.0
C22H20O9,7323003.5
C19H24O9S,2908541.3
C19H24O11,54189444.0
C23H24O8,5443980.0
C20H28O8S,1748621.4
C20H28O10,27762070.0
C24H28O7,2668956.3
C21H32O9,6999461.5
C19H11O11N,1655060.3
C16H15O13N,1745181.8
C20H15O10N,2900772.3
C17H19O12N,5554989.5
C21H19O9N,2169140.3
C29H19ONS,1642681.9
C18H23O11N,7368509.5
C21H23O5N3S,9807681.0
C19H27O10N,5751629.5
C20H31O9N,2363741.8
C19H10O12,3743940.0
C16H14O14,5449933.5
C27H10O6,1915345.4
C20H14O11,12927188.0
C17H18O11S,2589397.3
C17H18O13,33702108.0
C21H18O10,14639332.0
C18H22O10S,3816677.3
C18H22O12,39198956.0
C22H22O9,12026100.0
C19H26O9S,2711797.0
C19H26O11,22925564.0
C23H26O8,9158916.0
C20H30O8S,2245893.0
C20H30O10,9453837.0
C24H30O7,5296403.5
C21H34O9,2205468.5
C25H34O6,1627939.3
C19H13O11N,3053700.0
C16H17O13N,2650765.0
C20H17O10N,3782291.5
C23H17O4N3S,3022487.3
C17H21O12N,5376669.0
C21H21O9N,2419363.3
C18H25O11N,7127724.5
C19H29O10N,3694268.3
C19H12O12,8703018.0
C16H16O12S,1679915.8
C16H16O14,8420403.0
C28H16OS2,3147319.5
C20H16O11,21132346.0
C17H20O11S,2559547.3
C17H20O13,21603394.0
C21H20O10,22479946.0
C18H24O10S,3562570.8
C18H24O12,17163346.0
C22H24O9,18908248.0
C19H28O9S,2672730.3
C19H28O11,7552098.0
C23H28O8,13591656.0
C20H32O8S,1690729.9
C20H32O10,2764913.5
C24H32O7,5684344.0
C18H15O8N3S,1602524.8
C19H15O11N,4055519.8
C16H19O13N,3287016.5
C20H19O10N,4779503.0
C28H19O2NS,2249460.5
C17H23O12N,4968952.0
C21H23O9N,3154430.5
C20H23O8N3,1937667.0
C18H27O11N,6055431.5
C22H27O8N,1873677.8
C19H31O10N,2295830.8
C18H10O9S2,2441053.8
C18H10O13,1757036.4
C19H14O12,22337404.0
C16H18O12S,1941629.0
C16H18O14,6416260.5
C27H14O6,3513224.5
C20H18O11,33073034.0
C17H22O11S,2587532.0
C17H22O13,8214419.5
C28H18O5,7954327.5
C21H22O10,33646488.0
C18H26O10S,2622363.0
C18H26O12,4934562.5
C22H26O9,30853032.0
C23H30O8,16725944.0
C24H34O7,5545927.0
C18H13O12N,2394390.3
C15H17O14N,1837087.0
C19H17O11N,5381413.0
C19H21O5N3S2,1689386.0
C16H21O13N,3140910.0
C20H21O10N,5454132.0
C17H25O12N,4706620.5
C21H25O9N,3412291.0
C24H25O3N3S,6611270.5
C18H29O11N,2397515.8
C22H29O8N,2474834.0
C18H12O13,7510694.5
C19H16O10S,2575021.8
C19H16O12,36080308.0
C28H20OS2,3536577.5
C20H20O11,45370052.0
C17H24O11S,2164933.0
C21H24O10,48638676.0
C29H24O4,3750622.8
C22H28O9,35621600.0
C23H32O8,13032176.0
C24H36O7,3216126.3
C18H15O12N,4151363.0
C19H19O11N,5350481.5
C22H19O5N3S,8617045.0
C16H23O13N,2422873.8
C20H23O10N,5238880.0
C17H27O12N,2344552.5
C21H27O9N,2927726.5
C18H14O11S,2492351.0
C18H14O13,17915334.0
C22H14O10,3785164.0
C19H18O10S,2804173.3
C19H18O12,45223380.0
C20H22O11,55766500.0
C21H26O10,50654704.0
C22H30O9,26021374.0
C23H34O8,6731276.5
C20H13O7N3S,3363657.5
C18H17O12N,4518740.0
C19H21O11N,5964642.0
C20H25O10N,5047152.0
C21H29O9N,2818942.0
C21H12O11,3980480.8
C18H16O13,28545224.0
C22H16O10,4792526.5
C19H20O10S,2717391.5
C19H20O12,52359384.0
C23H20O9,4228316.0
C20H24O11,57356516.0
C24H24O8,3194089.5
C21H28O10,35549424.0
C22H32O9,12124415.0
C23H36O8,2551564.8
C17H15O13N,1718073.6
C21H15O10N,1626687.4
C18H19O12N,4625991.0
C19H23O11N,5845588.5
C20H27O10N,4811361.5
C21H31O9N,2077807.1
C20H10O12,2396055.3
C17H14O14,7445407.0
C21H14O11,7543716.0
C18H18O11S,2755493.5
C18H18O13,35902380.0
C22H18O10,7558065.0
C19H22O10S,2984370.5
C19H22O12,47117240.0
C23H22O9,6374334.5
C20H26O9S,2002367.4
C20H26O11,35976132.0
C24H26O8,4341707.5
C21H30O10,15487955.0
C32H26O2,2269654.3
C25H30O7,2402264.3
C24H30O6N2,4457948.5
C22H34O9,4013023.8
C20H42O8S,2255854.0
C20H13O11N,1766661.1
C17H17O13N,2679564.3
C21H17O10N,2128145.8
C18H21O12N,4649241.0
C19H25O11N,5553446.0
C20H29O10N,4460850.5
C20H12O12,6119001.0
C17H16O12S,1616474.4
C17H16O14,11990624.0
C28H12O6,1703011.6
C21H16O11,11073126.0
C18H20O11S,2190950.8
C18H20O13,30701164.0
C29H16O5,2615920.0
C22H20O10,11337330.0
C19H24O10S,2875507.0
C19H24O12,28718714.0
C23H24O9,9221758.0
C20H28O9S,2677375.5
C20H28O11,14845574.0
C24H28O8,5848714.5
C21H32O10,5398162.0
C25H32O7,2591383.0
C20H15O11N,2513332.5
C17H19O13N,3141051.5
C20H19O7N3S,5366718.0
C21H19O10N,2368448.5
C18H23O12N,4640711.5
C21H23O6N3S,4347850.0
C22H23O9N,1828812.5
C25H23O3N3S,1623503.1
C19H27O11N,4149203.5
C20H31O10N,2949087.5
C20H14O12,9748726.0
C17H18O12S,2093303.4
C17H18O14,9894141.0
C28H14O6,2327808.3
C21H18O11,13621506.0
C18H22O13,13162761.0
C29H18O5,3873036.0
C22H22O10,12794126.0
C19H26O10S,2426638.8
C19H26O12,9031957.0
C23H26O9,10987802.0
C20H30O11,4127008.3
C24H30O8,7026981.5
C25H34O7,2559281.0
C20H17O11N,3362366.0
C17H21O13N,3200580.5
C21H21O10N,2494025.3
C20H21O9N3,1637196.8
C18H25O12N,4300368.0
C21H25O6N3S,1854034.4
C25H25O3N3S,2390103.3
C19H29O11N,2980443.3
C26H29O2N3S,2248290.5
C19H12O13,4697953.5
C16H16O15,1633640.1
C20H16O12,19331948.0
C17H20O14,5866355.0
C29H20OS2,3361654.0
C21H20O11,22023032.0
C18H24O11S,2087032.6
C18H24O13,5302142.0
C22H24O10,21683074.0
C19H28O12,2610569.0
C23H28O9,17431438.0
C24H32O8,9472921.0
C25H36O7,2081699.6
C19H15O12N,2527381.5
C20H19O11N,4027552.3
C23H19O5N3S,5078178.5
C17H23O13N,2826918.3
C21H23O10N,3033258.8
C18H27O12N,2222769.0
C22H27O9N,2503861.5
C25H27O3N3S,4322488.0
C19H31O11N,1993403.6
C19H14O13,13561266.0
C20H18O10S,1966007.3
C28H18O2S2,1747642.6
C20H18O12,28433852.0
C17H22O12S,1990589.1
C17H22O14,2631106.3
C29H22OS2,3184069.0
C21H22O11,30801350.0
C29H22O5,3250127.5
C22H26O10,28909008.0
C23H30O9,19578332.0
C24H34O8,6601189.5
C19H17O12N,3882707.0
C20H21O11N,3926749.0
C23H21O5N3S,5922527.0
C17H25O13N,2313955.0
C21H25O10N,3546855.0
C18H12O14,2550740.3
C19H16O11S,1962457.3
C30H12O3S,1996507.8
C19H16O13,23093214.0
C23H16O10,2802402.0
C20H20O10S,1796578.9
C20H20O12,36954088.0
C21H24O11,38928368.0
C22H28O10,32448508.0
C23H32O9,14753797.0
C24H36O8,3158030.5
C18H15O13N,2066659.9
C19H19O12N,4309229.5
C20H23O11N,5202166.5
C23H23O5N3S,8591609.0
C21H27O10N,3038464.3
C24H27O4N3S,7762178.0
C25H31O3N3S,3238667.5
C18H14O14,8681951.0
C22H14O11,4162018.8
C19H18O11S,2171363.5
C19H18O13,32997864.0
C23H18O10,4625900.0
C20H22O12,44220912.0
C24H22O9,2960885.0
C21H26O11,41394684.0
C25H26O8,2313726.0
C22H30O10,24453636.0
C23H34O9,6855180.5
C24H38O8,1678869.6
C24H13O5N3S,1621466.9
C18H17O13N,3069150.0
C19H21O12N,5076711.0
C20H25O11N,4608751.5
C21H29O10N,4053752.5
C24H29O4N3S,5226234.5
C22H33O9N,1888769.3
C25H33O3N3S,1777411.4
C21H12O12,4155332.8
C18H16O12S,1906629.6
C18H16O14,16122826.0
C22H16O11,8420301.0
C19H20O11S,2499534.3
C19H20O13,38355924.0
C23H20O10,7097302.0
C20H24O10S,2534871.0
C20H24O12,40690652.0
C31H20O4,2778077.3
C24H24O9,5716958.5
C21H28O9S,2206175.3
C21H28O11,27575268.0
C32H24O3,2640869.8
C25H28O8,3677159.3
C22H32O10,11461612.0
C33H28O2,1816558.4
C23H36O9,2375156.8
C17H15O14N,1692849.3
C21H15O11N,2114740.8
C18H19O13N,2727609.5
C22H19O10N,2433213.3
C25H19O4N3S,1919166.9
C19H23O12N,4954306.0
C20H27O11N,4936906.5
C23H27O5N3S,6372556.0
C21H31O10N,3322066.5
C17H14O15,2456975.5
C21H14O12,9516435.0
C18H18O12S,2319251.5
C18H18O14,20817304.0
C29H14O6,1649049.5
C22H18O11,12731803.0
C19H22O11S,3023259.5
C19H22O13,29803936.0
C30H18O5,3183009.5
C23H22O10,10888611.0
C20H26O10S,2967459.5
C20H26O12,24184232.0
C31H22O4,4843945.5
C24H26O9,8549803.0
C21H30O9S,2253739.5
C21H30O11,11607472.0
C25H30O8,5073331.0
C22H34O10,3763639.8
C26H34O7,2374587.0
C21H17O11N,3571316.5
C18H21O13N,3879545.0
C21H21O7N3S,5934715.0
C22H21O10N,3076732.3
C25H21O4N3S,2797694.0
C19H25O12N,5412481.0
C20H29O11N,4594312.5
C21H33O10N,2723472.5
C20H12O13,5252926.0
C17H16O15,4839234.5
C21H16O12,16123718.0
C18H20O14,18605898.0
C29H16O6,2575180.0
C22H20O11,18503502.0
C19H24O11S,2813773.8
C19H24O13,16488274.0
C30H20O5,5527379.5
C23H24O10,16422741.0
C20H28O10S,3059541.5
C20H28O12,9471833.0
C24H28O9,12752732.0
C21H32O11,3566432.8
C25H32O8,7290724.0
C26H36O7,2349931.5
C20H15O12N,3349523.0
C23H15O6N3S,3927060.5
C17H19O14N,2334743.3
C20H19O8N3S,3460121.0
C21H19O11N,4032538.3
C24H19O5N3S,4489244.0
C20H19O10N3,1701404.5
C18H23O13N,3934238.8
C22H23O10N,3278881.8
C19H27O12N,4571174.0
C23H27O9N,1654825.1
C26H27O3N3S,3114026.8
C20H31O11N,2827309.3
C20H14O13,13617368.0
C17H18O15,4541660.5
C28H14O7,2820318.5
C21H18O12,26487008.0
C18H22O14,8984804.0
C29H18O6,4380901.5
C22H22O11,26429670.0
C19H26O13,5018859.0
C30H22O5,6705389.0
C23H26O10,24520942.0
C20H30O12,2544370.0
C24H30O9,18290934.0
C21H34O11,1628409.3
C25H34O8,7866620.5
C26H38O7,1792259.4
C20H17O12N,4437409.5
C17H21O14N,2121125.8
C21H21O11N,4729256.5
C18H25O13N,3198380.8
C22H25O10N,3301295.5
C25H25O4N3S,6422961.0
C19H29O12N,2807731.5
C20H33O11N,1807802.6
C19H12O14,3596373.5
C20H16O11S,2168921.0
C20H16O13,25963100.0
C17H20O15,2511456.3
C28H16O7,2670690.0
C21H20O12,36424292.0
C18H24O14,2478183.0
C30H24OS2,5032553.0
C22H24O11,36244072.0
C19H28O13,1714541.9
C30H24O5,4058735.8
C23H28O10,31361648.0
C31H28O4,2291830.5
C24H32O9,17320568.0
C25H36O8,5468798.5
C19H15O13N,2937620.3
C22H15O7N3S,6032150.0
C20H19O12N,4964123.0
C17H23O14N,1657118.9
C21H23O11N,4872993.5
C18H27O13N,1877029.4
C22H27O10N,3177768.3
C25H27O4N3S,7537449.5
C23H31O9N,1838894.9
C26H31O3N3S,4508464.5
C19H14O14,9622470.0
C23H14O11,3004744.3
C20H18O11S,2676681.0
C20H18O13,32222156.0
C21H22O10S,2196943.5
C21H22O12,40668116.0
C22H26O11,43027416.0
C23H30O10,28175328.0
C24H34O9,12741606.0
C25H38O8,2828268.5
C19H17O13N,3004539.0
C23H17O10N,1621629.8
C20H21O12N,5438593.5
C23H21O6N3S,7781507.0
C21H25O11N,4634759.5
C22H29O10N,2992270.0
C22H12O12,2789152.5
C19H16O14,17407268.0
C23H16O11,5067046.5
C20H20O11S,2511655.0
C20H20O13,37375276.0
C24H20O10,4285740.5
C21H24O10S,2343981.3
C21H24O12,41291056.0
C25H24O9,3075379.0
C22H28O9S,1743667.5
C22H28O11,34606392.0
C26H28O8,1787193.0
C23H32O10,16252221.0
C34H28O2,1646654.3
C24H36O9,5246275.0
C18H15O14N,1662923.1
C21H15O8N3S,3424716.5
C22H15O11N,1861069.6
C19H19O13N,3762641.3
C23H19O10N,1825491.5
C20H23O12N,4679127.0
C21H27O11N,4712925.0
C22H31O10N,2723811.3
C25H31O4N3S,3145188.5
C26H35O3N3S,1763306.6
C21H10O13,1637481.4
C18H14O15,3646060.8
C22H14O12,6612591.5
C19H18O14,22982258.0
C23H18O11,7378549.0
C20H22O11S,2677365.8
C20H22O13,34000504.0
C24H22O10,5500539.0
C21H26O12,31600254.0
C32H22O4,2401920.0
C25H26O9,3892865.0
C22H30O9S,1689473.5
C22H30O11,18939524.0
C33H26O3,3097734.0
C26H30O8,2448007.0
C23H34O10,6803082.5
C24H38O9,1752720.3
C18H17O14N,1836819.0
C21H17O8N3S,4459284.5
C22H17O11N,1956117.4
C19H21O13N,3828504.8
C23H21O10N,1810971.3
C26H21O4N3S,1664284.6
C20H25O12N,4867870.5
C21H29O11N,4191012.5
C22H33O10N,2474282.3
C21H12O13,3742635.3
C18H16O15,6686638.5
C22H16O12,9820081.0
C19H20O12S,2306737.5
C19H20O14,21839796.0
C30H16O6,1798837.6
C23H20O11,9764791.0
C20H24O11S,2028471.1
C20H24O13,24301498.0
C31H20O5,3069883.5
C24H24O10,7806908.5
C21H28O12,16342976.0
C32H24O4,3602369.0
C25H28O9,5710786.0
C22H32O11,6795205.5
C33H28O3,2964422.8
C26H32O8,3437511.8
C23H36O10,2133963.0
C21H15O12N,2470475.5
C18H19O14N,1915982.8
C22H19O11N,2762833.3
C19H23O13N,3714132.5
C24H27O5NS2,1613910.9
C20H27O12N,4101210.0
C21H31O11N,2998367.8
C22H35O10N,1987685.1
C20H10O14,1640156.5
C21H14O13,7411938.0
C18H18O15,7450853.5
C33H14O2S,1882854.4
C22H18O12,14221544.0
C19H22O12S,2211048.0
C19H22O14,15257835.0
C31H22OS2,2725100.3
C23H22O11,13488365.0
C20H26O13,11505904.0
C24H26O10,11571443.0
C21H30O12,6400246.0
C25H30O9,8136952.0
C22H34O11,2034427.5
C33H30O3,1652476.9
C26H34O8,4675837.5
C23H13O7N3S,1783673.5
C21H17O12N,2845565.8
C24H17O6N3S,3252607.0
C18H21O14N,2035585.0
C22H21O11N,2892163.3
C25H21O5N3S,2773380.5
C19H25O13N,3512710.3
C23H25O10N,2288520.5
C26H25O4N3S,2225034.0
C20H29O12N,3053963.8
C21H33O11N,1936785.3
C20H12O14,2072587.0
C21H16O13,13668880.0
C18H20O15,5395987.5
C22H20O12,19886614.0
C19H24O14,5995033.0
C30H20O6,3720730.3
C23H24O11,17101340.0
C20H28O13,3520030.3
C24H28O10,15008289.0
C21H32O12,1715235.6
C32H28O4,1758245.1
C25H32O9,9681446.0
C26H36O8,4260395.5
C20H15O13N,1973923.1
C21H19O12N,3022504.5
C22H23O11N,2551981.8
C25H23O5N3S,3823279.0
C19H27O13N,2034352.9
C23H27O10N,1815731.1
C26H27O4N3S,3528372.3
C20H31O12N,1648822.3
C27H31O3N3S,2283193.8
C20H14O14,6742835.0
C21H18O13,19428152.0
C18H22O15,2142523.5
C29H18O7,2119228.8
C22H22O12,20718398.0
C30H22O6,2526530.0
C23H26O11,20017986.0
C24H30O10,17142600.0
C25H34O9,8901453.0
C26H38O8,2280274.8
C20H17O13N,2509768.8
C21H21O12N,3513294.0
C24H21O6N3S,4898767.0
C22H25O11N,3106771.3
C26H29O4N3S,3782617.8
C20H16O14,12399703.0
C21H20O11S,1926745.6
C21H20O13,23082076.0
C22H24O10S,1667166.9
C22H24O12,23655522.0
C23H28O11,23868518.0
C24H32O10,15873132.0
C25H36O9,5281905.0
C22H15O8N3S,3057383.5
C20H19O13N,3202283.5
C23H19O7N3S,5100780.5
C21H23O12N,3457264.8
C24H23O6N3S,5265650.0
C22H27O11N,2833654.0
C23H31O10N,1803003.3
C26H31O4N3S,3614972.5
C19H14O15,2766708.0
C23H14O12,2739574.3
C20H18O14,17257850.0
C24H18O11,3549563.5
C21H22O13,26424702.0
C25H22O10,3472768.5
C22H26O12,26424708.0
C26H26O9,2094981.9
C23H30O11,18908552.0
C24H34O10,8271246.0
C25H38O9,2245523.3
C19H17O14N,1991176.6
C22H17O8N3S,4086281.8
C20H21O13N,2914829.8
C21H25O12N,3504659.0
C22H29O11N,2721304.3
C23H33O10N,1997853.6
C22H12O13,2895507.8
C19H16O15,6359702.5
C23H16O12,5623449.0
C20H20O12S,2201241.5
C20H20O14,20739740.0
C24H20O11,5250718.0
C21H24O13,24483490.0
C25H24O10,4327075.5
C22H28O12,21042854.0
C33H24O4,2284712.0
C26H28O9,3742376.8
C23H32O11,11308716.0
C24H36O10,3996337.0
C22H15O12N,1787689.5
C19H19O14N,1878572.5
C22H19O8N3S,4308781.5
C23H19O11N,1847598.8
C20H23O13N,3271473.8
C21H27O12N,2923319.3
C22H31O11N,2898748.5
C23H35O10N,1842753.8
C22H14O13,4965305.5
C19H18O15,9414588.0
C23H18O12,8937407.0
C20H22O14,18921410.0
C31H18O6,1931459.1
C24H22O11,8304580.0
C21H26O13,18577352.0
C32H22O5,2454984.5
C25H26O10,7333833.5
C22H30O12,12167116.0
C33H26O4,3023822.0
C26H30O9,4670414.5
C23H34O11,5133266.0
C34H30O3,1746899.3
C27H34O8,2293716.0
C22H17O12N,2069073.5
C25H17O6N3S,2017874.8
C22H21O8N3S,3936341.8
C23H21O11N,2640983.0
C26H21O5N3S,2127448.0
C20H25O13N,3783770.0
C24H25O10N,1714012.3
C27H25O4N3S,1656925.5
C21H29O12N,3411039.5
C22H33O11N,2732644.8
C21H12O14,2485982.8
C22H16O13,10100964.0
C19H20O15,10514663.0
C30H16O7,1861352.8
C23H20O12,13879530.0
C20H24O14,12597485.0
C31H20O6,3313902.3
C24H24O11,11483375.0
C21H28O13,8622322.0
C25H28O10,8466677.0
C22H32O12,4850935.5
C33H28O4,2576121.3
C26H32O9,6811898.0
C27H36O8,3820799.5
C21H15O13N,1924986.3
C22H19O12N,2936191.8
C25H19O6N3S,3969409.0
C19H23O14N,2155395.0
C22H23O8N3S,3205508.3
C23H23O11N,2431877.5
C26H23O5N3S,2950534.5
C20H27O13N,3648904.5
C23H27O7N3S,1739145.9
C24H27O10N,1892746.9
C27H27O4N3S,2195340.3
C21H31O12N,2692494.3
C28H31O3N3S,2409361.8
C21H14O14,6193681.0
C18H18O16,2939924.0
C22H18O13,16722454.0
C19H22O15,6664730.0
C30H18O7,2290459.3
C23H22O12,19409436.0
C20H26O14,5602847.5
C32H26OS2,3843617.0
C24H26O11,16276002.0
C21H30O13,3066917.0
C25H30O10,14395943.0
C22H34O12,1619498.5
C33H30O4,1778988.0
C26H34O9,8383021.0
C27H38O8,3976754.5
C21H17O13N,2685617.3
C22H21O12N,3537591.0
C25H21O6N3S,4844216.0
C19H25O14N,1850042.3
C23H25O11N,2430140.5
C26H25O5N3S,4254398.0
C20H29O13N,2365120.0
C24H29O10N,2046402.4
C27H29O4N3S,3129027.8
C21H33O12N,2326213.8
C21H16O14,13679437.0
C18H20O16,1850448.1
C22H20O13,22817618.0
C19H24O15,2937686.0
C30H20O7,2202967.5
C23H24O12,24042328.0
C20H28O14,1955163.8
C31H24O6,2637917.3
C24H28O11,21744478.0
C25H32O10,16849764.0
C26H36O9,7633770.0
C27H40O8,2646383.8
C20H15O14N,2071021.1
C21H19O13N,3292147.0
C24H19O7N3S,6039540.5
C22H23O12N,3645433.0
C25H23O6N3S,5230586.5
C23H27O11N,2535423.0
C24H31O10N,1783812.9
C27H31O4N3S,4286470.0
C20H14O15,4042894.8
C21H18O12S,1998481.9
C21H18O14,21326996.0
C25H18O11,3680919.3
C22H22O13,29645978.0
C23H26O12,29940896.0
C24H30O11,25484456.0
C25H34O10,13937837.0
C26H38O9,5202099.0
C20H17O14N,2146108.0
C21H21O13N,4215106.0
C24H21O7N3S,6745411.5
C22H25O12N,3687752.5
C25H25O6N3S,6915402.0
C23H29O11N,2684750.5
C26H29O5N3S,5842256.0
C24H33O10N,2233172.8
C15H16O15N2S,1914337.3
C20H16O15,10014181.0
C24H16O12,4465127.5
C21H20O14,28089836.0
C25H20O11,4559342.0
C22H24O13,31694322.0
C26H24O10,3926004.3
C23H28O12,30957048.0
C27H28O9,2550266.5
C24H32O11,20323838.0
C25H36O10,9254405.0
C26H40O9,2992651.0
C20H19O14N,2861722.5
C23H19O8N3S,5735068.0
C24H19O11N,1629597.1
C21H23O13N,3842721.0
C24H23O7N3S,6796962.5
C22H27O12N,4203175.5
C25H27O6N3S,7065257.0
C23H31O11N,3268270.0
C24H35O10N,1756340.4
C27H35O4N3S,3034806.0
C19H14O16,1836613.3
C23H14O13,5073736.0
C20H18O15,14323532.0
C24H18O12,7669582.5
C21H22O14,27230034.0
C25H22O11,5873493.5
C22H26O13,28114778.0
C26H26O10,4540252.0
C23H30O12,21159776.0
C34H26O4,1910625.6
C27H30O9,2940770.8
C24H34O11,10194791.0
C28H34O8,1672553.4
C25H38O10,3767149.3
C22H17O9N3S,2954245.5
C23H17O12N,1829894.9
C26H17O6N3S,2054152.5
C20H21O14N,3002378.8
C24H21O11N,1635597.6
C21H25O13N,4322321.5
C24H25O7N3S,6457363.0
C25H25O10N,1794836.5
C22H29O12N,4173848.5
C23H33O11N,2703903.3
C24H37O10N,1816614.1
C22H12O14,2934458.8
C19H16O16,2766014.8
C23H16O13,8487106.0
C20H20O15,15552710.0
C24H20O12,9287881.0
C21H24O14,20127948.0
C32H20O6,1811662.8
C25H24O11,8530128.0
C22H28O13,17731796.0
C33H24O5,2817237.8
C26H28O10,6942935.0
C23H32O12,10383579.0
C27H32O9,4075741.8
C24H36O11,4401378.0
C28H36O8,2442469.0
C19H19O15N,1640328.1
C23H19O12N,2139531.3
C26H19O6N3S,2505100.8
C20H23O14N,3105167.3
C23H23O8N3S,4476305.0
C24H23O11N,2050962.3
C21H27O13N,3546518.5
C24H27O7N3S,4240792.0
C26H31O5NS2,1637785.6
C28H27O4N3S,1657755.1
C22H31O12N,3753373.8
C23H35O11N,2386341.0
C22H14O14,5460552.5
C19H18O16,5040717.0
C23H18O13,12231248.0
C20H22O15,12481108.0
C24H22O12,13021783.0
C21H26O14,12014172.0
C32H22O6,3624541.8
C25H26O11,11502175.0
C22H30O13,8079971.0
C33H26O5,3227237.0
C26H30O10,8720998.0
C23H34O12,3890794.5
C27H34O9,6154861.5
C28H38O8,2870389.0
C22H17O13N,2030363.9
C25H17O7N3S,2854685.5
C22H21O9N3S,2409250.0
C23H21O12N,2539299.3
C26H21O6N3S,3394341.0
C20H25O14N,2635047.8
C24H25O11N,1989931.0
C21H29O13N,2855727.3
C22H33O12N,2216758.8
C23H37O11N,1728830.4
C22H16O14,11146217.0
C19H20O16,4889582.0
C23H20O13,18142194.0
C20H24O15,6089717.5
C31H20O7,2491895.5
C24H24O12,16176121.0
C21H28O14,5225469.0
C32H24O6,2878975.3
C25H28O11,13321216.0
C22H32O13,2931716.8
C33H28O5,2578950.8
C26H32O10,11011080.0
C27H36O9,6712336.0
C28H40O8,2777111.5
C22H19O13N,3668165.0
C25H19O7N3S,4431046.5
C23H23O12N,3244236.8
C26H23O6N3S,3721422.5
C24H27O11N,2258644.8
C27H27O5N3S,3692758.3
C28H31O4N3S,3550430.3
C21H14O15,3872146.0
C22H18O14,15140250.0
C19H22O16,2015646.5
C23H22O13,20391330.0
C20H26O15,2104742.5
C24H26O12,19195306.0
C32H26O6,2492080.5
C25H30O11,16709042.0
C26H34O10,12707258.0
C27H38O9,5257665.5
C28H42O8,1714121.6
C21H17O14N,2310260.5
C24H17O8N3S,3323510.3
C22H21O13N,3148412.5
C25H21O7N3S,4925054.5
C23H25O12N,3082884.5
C24H29O11N,2235532.5
C28H33O4N3S,3390102.5
C21H16O15,7937871.5
C22H20O12S,2256211.5
C22H20O14,20272984.0
C26H20O11,2602843.0
C23H24O13,20248416.0
C24H28O12,20641640.0
C25H32O11,16959344.0
C26H36O10,9185144.0
C27H40O9,3126144.3
C21H19O14N,2639927.5
C22H23O13N,2657343.8
C23H27O12N,2665032.0
C24H31O11N,2445392.3
C25H35O10N,2073176.4
C28H35O4N3S,2411098.3
C24H14O13,2352402.3
C21H18O15,13080855.0
C25H18O12,3961114.5
C22H22O14,21817632.0
C26H22O11,3206434.8
C23H26O13,21784872.0
C27H26O10,2050859.0
C24H30O12,19122480.0
C25H34O11,12257592.0
C26H38O10,4568384.5
C21H21O14N,2162691.3
C24H21O8N3S,4474373.0
C22H25O13N,2630155.5
C23H29O12N,2475027.8
C26H29O6N3S,4542998.0
C24H33O11N,2065436.3
C20H16O16,3791581.5
C24H16O13,4706017.0
C21H20O15,14764774.0
C25H20O12,4764393.5
C22H24O14,20310766.0
C26H24O11,3799793.8
C23H28O13,17119990.0
C27H28O10,3357434.3
C24H32O12,12217087.0
C28H32O9,1929474.6
C25H36O11,5516039.5
C27H44O5S2,1694991.9
C20H19O15N,2001356.1
C23H19O9N3S,2739150.3
C21H23O14N,2820564.8
C22H27O13N,2960861.3
C25H27O7N3S,3956703.0
C23H31O12N,3075045.5
C26H31O6N3S,3369959.5
C24H35O11N,2650606.0
C23H14O14,3272876.0
C20H18O16,5708977.0
C24H18O13,6778036.5
C21H22O15,12713145.0
C25H22O12,6489277.0
C22H26O14,12770498.0
C26H26O11,5563589.0
C23H30O13,10472650.0
C34H26O5,2760396.3
C27H30O10,4406477.5
C24H34O12,5599442.5
C28H34O9,2325718.3
C25H38O11,2673883.3
C29H38O8,1857758.6
C23H21O9N3S,2727330.8
C37H13ON3,1630116.3
C27H21O6N3S,1627302.4
C21H25O14N,2241449.5
C22H29O13N,2689457.8
C23H33O12N,2641850.3
C26H33O6N3S,2012092.1
C23H16O14,5694081.0
C20H20O16,6600326.0
C24H20O13,8832649.0
C21H24O15,10000014.0
C32H20O7,1672592.4
C25H24O12,9264786.0
C22H28O14,6833815.0
C26H28O11,6755994.5
C23H32O13,4458143.0
C27H32O10,4914850.5
C24H36O12,1838247.6
C28H36O9,3124907.3
C29H40O8,1774259.6
C23H19O13N,1726320.6
C24H23O12N,1708153.1
C21H27O14N,2039166.0
C25H27O11N,1794689.6
C28H27O5N3S,1780099.6
C22H31O13N,2396038.5
C29H31O4N3S,2236300.0
C23H18O10S2,2322508.5
C23H18O14,9199701.0
C20H22O16,4450393.5
C24H22O13,11315293.0
C21H26O15,4012130.3
C33H26O2S2,2241124.5
C25H26O12,10987622.0
C22H30O14,2934890.5
C33H26O6,2678380.8
C26H30O11,8732782.0
C27H34O10,7377014.5
C28H38O9,4241535.0
C29H42O8,1638023.3
C22H17O14N,1640506.5
C25H17O8N3S,3067196.5
C23H21O13N,2217283.0
C26H21O7N3S,2528580.8
C24H25O12N,2068043.4
C27H25O6N3S,2874189.3
C29H33O4N3S,1645405.9
C22H16O15,5446172.5
C23H20O14,13304357.0
C24H24O13,12173869.0
C25H28O12,12333621.0
C25H32O8N2S,2106492.3
C26H32O11,10693182.0
C27H36O10,7203398.0
C28H40O9,3135054.3
C25H19O8N3S,3298057.3
C23H23O13N,2652943.8
C24H27O12N,1867031.9
C27H27O6N3S,3115801.8
C29H35O4N3S,2359082.3
C22H18O15,9708518.0
C26H18O12,2071529.0
C23H22O14,15590382.0
C24H26O13,14816246.0
C25H30O12,14156798.0
C26H34O11,10798086.0
C27H38O10,5919758.5
C29H46O4S2,2364950.8
C24H17O9N3S,2102981.8
C22H21O14N,2464460.0
C23H25O13N,2938068.0
C24H29O12N,2532572.3
C25H33O11N,2167012.3
C28H33O5N3S,3408102.0
C21H16O16,3462557.0
C25H16O13,2000800.5
C22H20O15,13145509.0
C26H20O12,2694568.5
C23H24O14,16979374.0
C27H24O11,2341808.5
C24H28O13,17049014.0
C28H28O10,1894840.4
C25H32O12,14214589.0
C26H36O11,8482245.0
C27H40O10,3696077.0
C22H23O14N,2167941.5
C23H27O13N,2362509.3
C24H31O12N,2103445.0
C27H31O6N3S,4076183.0
C25H35O11N,2686621.0
C28H35O5N3S,2272926.8
C24H14O14,2389323.8
C21H18O16,6623056.5
C25H18O13,4475731.5
C22H22O15,15218520.0
C26H22O12,5417819.5
C23H26O14,17532768.0
C27H26O11,4049763.0
C24H30O13,15320936.0
C28H30O10,2648426.8
C25H34O12,10024815.0
C29H34O9,2037618.5
C26H38O11,4669303.0
C23H17O10N3S,1815075.5
C27H17O7N3S,1726502.6
C24H21O9N3S,3665963.0
C22H25O14N,3456049.0
C25H25O8N3S,4323378.5
C23H29O13N,3259448.5
C26H29O7N3S,3875898.3
C24H33O12N,2910272.0
C27H33O6N3S,2306113.8
C25H37O11N,2169415.8
C24H16O14,5187824.0
C21H20O16,8849652.0
C25H20O13,8198391.5
C22H24O15,14612732.0
C26H24O12,6920447.0
C23H28O14,13650179.0
C34H24O6,2141957.0
C27H28O11,5702918.5
C24H32O13,9509131.0
C35H28O5,2059532.5
C28H32O10,3985677.5
C25H36O12,6035730.0
C29H36O9,1686293.0
C26H40O11,2397465.3
C24H19O13N,1838784.1
C27H19O7N3S,1825217.8
C21H23O15N,1837252.4
C24H23O9N3S,3842502.0
C22H27O14N,2425803.5
C23H31O13N,2651602.8
C24H35O12N,2735066.0
C27H35O6N3S,1768923.6
C23H14O15,2436730.8
C20H18O17,1980031.0
C24H18O14,9546370.0
C21H22O16,9552518.0
C25H22O13,11467401.0
C22H26O15,10914445.0
C33H22O7,2238607.0
C26H26O12,9474704.0
C23H30O14,7963284.0
C34H26O6,3274390.0
C27H30O11,7002775.0
C24H34O13,4797083.0
C35H30O5,2211997.0
C28H34O10,5968542.0
C25H38O12,1656482.1
C29H38O9,3469989.3
C30H42O8,1704620.3
C26H17O8N3S,2261826.5
C23H21O10N3S,1644870.4
C24H21O13N,2352455.5
C21H25O15N,2112843.8
C24H25O9N3S,2669389.3
C25H25O12N,1632590.5
C22H29O14N,2242898.5
C24H37O12N,2188640.3
C23H16O15,5507064.0
C20H20O17,3131388.0
C24H20O14,13175807.0
C21H24O16,5829634.5
C25H24O13,13990917.0
C22H28O15,4475913.5
C33H24O7,2437643.3
C26H28O12,11987980.0
C23H32O14,3107856.0
C34H28O6,2811409.8
C27H32O11,10791955.0
C24H36O13,1918998.6
C28H36O10,7822361.5
C29H40O9,4409376.0
C30H44O8,1870886.6
C23H19O14N,3006642.3
C26H19O8N3S,3453107.8
C24H23O13N,2782904.8
C27H23O7N3S,4252858.0
C25H27O12N,2096319.1
C22H31O14N,1960642.9
C29H31O5N3S,2603207.0
C30H35O4N3S,2217165.5
C22H14O16,1740119.4
C23H18O15,10894686.0
C24H22O14,15482212.0
C21H26O16,2559335.5
C25H26O13,15191402.0
C26H30O12,13368688.0
C27H34O11,10968438.0
C28H38O10,6825340.5
C29H42O9,3396994.8
C26H21O8N3S,3120651.8
C24H25O13N,2723344.5
C28H29O6N3S,3566103.8
C22H16O16,3282594.8
C26H16O13,1721765.1
C23H20O15,13434536.0
C28H24O7S2,1768618.9
C24H24O14,16543406.0
C25H28O13,15683252.0
C26H32O12,14339770.0
C27H36O11,10161855.0
C28H40O10,5707461.0
C30H48O4S2,1719498.6
C22H19O15N,2007617.0
C23H23O14N,1664838.4
C25H31O8NS2,2287947.8
C27H27O7N3S,4268877.0
C25H31O12N,2330449.3
C28H31O6N3S,4375378.5
C26H35O11N,2246998.8
C29H35O5N3S,2934104.0
C25H14O14,1770957.5
C22H18O16,6508496.5
C26H18O13,3423698.8
C23H22O15,13254614.0
C27H22O12,2452439.8
C24H26O14,15523803.0
C28H26O11,2108381.0
C25H30O13,14307296.0
C26H34O12,11079653.0
C27H38O11,6270954.0
C28H42O10,2340335.3
C22H21O15N,1715806.6
C24H29O13N,2515560.5
C27H29O7N3S,3532905.5
C25H33O12N,1912941.1
C29H37O5N3S,2226291.0
C26H20O9S2,2452699.3
C22H20O16,7928030.0
C26H20O13,4512992.0
C23H24O15,12824803.0
C27H24O12,3300580.5
C24H28O14,12214503.0
C28H28O11,2830569.0
C25H32O13,11026668.0
C29H32O10,1702125.4
C26H36O12,6955248.0
C27H40O11,2975988.5
C25H23O9N3S,2913627.3
C23H27O14N,1710430.6
C24H31O13N,2020706.9
C25H35O12N,2419047.0
C28H35O6N3S,2098536.0
C21H18O17,2800580.3
C25H18O14,5068230.0
C22H22O16,8616392.0
C26H22O13,4876746.0
C23H26O15,10305996.0
C27H26O12,4834765.5
C24H30O14,9341392.0
C28H30O11,3774929.5
C25H34O13,6033876.0
C36H30O5,1795540.9
C30H38O5S2,2089429.5
C26H38O12,3105239.8
C25H25O9N3S,2234418.3
C26H25O12N,1871923.0
C29H25O6N3S,1688883.9
C25H37O12N,1640508.0
C24H16O15,3724935.3
C21H20O17,4171401.3
C25H20O14,6873738.5
C22H24O16,7178892.5
C26H24O13,7508621.5
C23H28O15,6910607.5
C27H28O12,5653137.0
C24H32O14,4538002.5
C35H28O6,1900691.5
C28H32O11,4773524.0
C25H36O13,2608789.8
C36H32O5,2119830.5
C29H36O10,3301015.3
C30H40O9,1796762.3
C27H19O8N3S,1891037.3
C25H23O13N,2104031.5
C24H35O13N,1821414.6
C24H18O15,6396707.5
C21H22O17,2431781.3
C25H22O14,9841446.0
C22H26O16,4614951.5
C26H26O13,8801065.0
C23H30O15,3167018.0
C34H26O7,1711914.6
C27H30O12,6943531.0
C36H34OS2,1938477.0
C28H34O11,6677293.5
C29H38O10,4387632.0
C30H42O9,2063154.1
C26H17O9N3S,1799009.5
C28H25O7N3S,2428773.5
C29H29O6N3S,2639719.5
C31H37O4N3S,2153323.5
C23H16O16,2509203.0
C24H20O15,9044884.0
C25H24O14,11170710.0
C22H28O16,2372503.0
C26H28O13,10523544.0
C27H32O12,9188249.0
C28H36O11,7230363.0
C29H40O10,4337564.5
C30H44O9,1632414.0
C23H19O15N,1838011.1
C24H23O14N,1805756.4
C28H27O7N3S,3155901.8
C29H31O6N3S,2504127.0
C30H35O5N3S,2454464.0
C23H18O16,5626838.0
C24H22O15,10367959.0
C25H26O14,11572183.0
C26H30O13,11158488.0
C27H34O12,9477081.0
C28H38O11,6540249.5
C29H42O10,2929626.3
C25H17O10N3S,1615333.0
C23H21O15N,1592037.3
C27H25O8N3S,2584037.8
C25H29O13N,1783269.9
C28H29O7N3S,2577894.0
C26H16O14,2135527.8
C23H20O16,6835175.5
C27H20O13,2185191.5
C24H24O15,11416551.0
C25H28O14,10724327.0
C26H32O13,9389031.0
C27H36O12,7263207.0
C28H40O11,4171750.8
C29H44O10,1672678.4
C25H19O10N3S,1715421.1
C23H23O15N,1894876.6
C27H27O8N3S,3363803.8
C28H31O7N3S,3065819.3
C26H35O12N,1665498.6
C29H35O6N3S,2602458.5
C22H18O17,2352582.0
C26H18O14,3163077.8
C23H22O16,7441349.0
C27H22O13,3643332.5
C24H26O15,8717252.0
C28H26O12,2854851.5
C25H30O14,8938435.0
C29H30O11,1650114.3
C26H34O13,7574465.5
C30H34O10,1645505.1
C27H38O12,4274112.5
C25H21O10N3S,1930655.9
C27H29O8N3S,2822044.8
C25H33O13N,1756059.5
C28H33O7N3S,1776539.1
C26H20O10S2,2169712.8
C22H20O17,4195183.5
C26H20O14,3937134.8
C23H24O16,7273325.5
C24H28O15,8426348.0
C28H28O12,3460970.8
C25H32O14,5582697.5
C29H32O11,2466664.8
C26H36O13,4326247.5
C24H31O14N,2153259.3
C25H35O13N,1780008.6
C25H18O15,3064553.8
C22H22O17,3203816.0
C26H22O14,5441255.0
C23H26O16,4860645.0
C27H26O13,4205284.0
C24H30O15,4855522.5
C28H30O12,4552417.0
C25H34O14,3979999.3
C29H34O11,3615454.3
C30H38O10,2073307.3
C36H17O6N,2087570.1
C24H33O14N,1615754.4
C24H16O16,1910841.3
C25H20O13S,1617719.4
C25H20O15,5308981.5
C22H24O17,3169843.5
C26H24O14,6212146.0
C23H28O16,2939439.8
C27H28O13,6470190.5
C24H32O15,1953324.1
C28H32O12,5044778.5
C29H36O11,4990503.0
C31H44O5S2,3528227.3
C27H19O9N3S,1704396.4
C25H23O14N,1853385.4
C28H23O8N3S,1932744.5
C26H27O13N,2001349.3
C24H18O16,3512669.0
C25H22O15,7790936.5
C22H26O17,1742678.1
C26H26O14,8100180.5
C23H30O16,1614417.9
C27H30O13,6953296.0
C28H34O12,5496139.5
C36H34O6,1578568.0
C29H38O11,4882759.5
C30H42O10,2869571.0
C24H21O15N,2046173.9
C27H21O9N3S,1910748.9
C37H25O5N,1636563.5
C24H20O16,7186524.0
C25H24O15,9033815.0
C26H28O14,9826386.0
C27H32O13,8628301.0
C28H36O12,7188552.5
C29H40O11,4071491.3
C30H44O10,2070590.4
C27H23O9N3S,3164106.8
C25H27O14N,2363846.8
C28H27O8N3S,3577797.5
C30H35O6N3S,1918907.0
C23H18O17,3262272.5
C24H22O16,7534395.0
C25H26O15,10264374.0
C26H30O14,9467696.0
C27H34O13,8822571.0
C28H38O12,5840677.0
C29H42O11,3118879.5
C24H25O15N,1831580.0
C27H25O9N3S,2976410.5
C28H29O8N3S,3850900.8
C30H37O6N3S,1934473.3
C33H61O6N,1955944.0
C26H16O15,1822727.1
C23H20O17,5185027.5
C27H20O14,3475457.3
C24H24O16,8687102.0
C28H24O13,3209211.3
C25H28O15,10477048.0
C26H32O14,9520626.0
C27H36O13,7818732.0
C28H40O12,4016613.8
C29H44O11,2623968.0
C26H23O10N3S,2903382.5
C27H27O9N3S,2541392.5
C25H31O14N,2344267.8
C28H31O8N3S,2125642.3
C26H35O13N,2307397.5
C29H35O7N3S,1724228.1
C26H18O15,3303602.5
C23H22O17,5893295.0
C27H22O14,5618860.0
C24H26O16,8514729.0
C28H26O13,5125286.0
C25H30O15,7892130.0
C29H30O12,3550367.5
C26H34O14,5995676.0
C30H34O11,2628249.3
C27H38O13,4773013.5
C28H42O12,1773199.1
C25H21O11N3S,1680381.6
C29H21O8N3S,1916922.9
C26H25O10N3S,2331639.0
C24H29O15N,1694706.1
C25H33O14N,1872875.5
C22H20O18,1689421.0
C26H20O15,5776202.0
C23H24O17,5774150.5
C27H24O14,6656835.5
C24H28O16,6046527.5
C28H28O13,5639997.0
C25H32O15,5108537.0
C29H32O12,3580726.3
C26H36O14,3859250.3
C30H36O11,3871535.5
C27H40O13,2310955.8
C28H19O9N3S,1659024.8
C26H23O14N,1765515.5
C24H31O15N,2035840.8
C25H18O16,4126169.3
C26H22O15,8532434.0
C27H26O14,7750091.5
C24H30O16,2895303.3
C28H30O13,7551428.5
C25H34O15,2328512.5
C29H34O12,5121469.5
C26H38O14,1579961.5
C37H34O6,1746871.8
C36H17O7N,2741522.5
C29H25O8N3S,2294539.8
C31H33O6N3S,2044925.6
C32H37O5N3S,1550070.6
C25H20O16,6086742.0
C26H24O15,8984655.0
C23H28O17,1812042.9
C27H28O14,8562760.0
C28H32O13,8058945.0
C29H36O12,5697594.0
C30H40O11,3754034.8
C35H15O8N,1548178.4
C28H23O9N3S,2602379.3
C29H27O8N3S,2377604.3
C30H31O7N3S,1898365.1
C31H35O6N3S,1851253.9
C25H22O16,7468748.0
C26H26O15,8599237.0
C27H30O14,8341181.5
C28H34O13,6969014.5
C29H38O12,6065839.0
C30H42O11,2812584.0
C28H25O9N3S,1985535.1
C29H29O8N3S,2372088.0
C30H33O7N3S,1965040.8
C24H20O17,4525382.0
C25H24O16,7933246.5
C26H28O15,8623415.0
C27H32O14,8361264.5
C28H36O13,6217001.0
C29H40O12,4165922.0
C30H44O11,1802010.8
C35H19O8N,1912441.0
C29H31O8N3S,1858666.9
C24H22O17,5407673.5
C25H26O16,7715762.5
C29H26O13,2175407.8
C26H30O15,7803819.5
C27H34O14,6650788.5
C28H38O13,4713373.5
C29H42O12,2597270.3
C27H25O10N3S,2136815.5
C27H37O13N,1543387.9
C27H20O15,3031607.3
C24H24O17,5896755.5
C25H28O16,5718572.5
C26H32O15,5073445.5
C30H32O12,2783266.5
C27H36O14,4246046.5
C28H40O13,2586135.5
C35H23O8N,1819501.4
C36H27O7N,1628518.4
C26H18O16,3142849.3
C23H22O18,2315965.3
C27H22O15,4658362.5
C24H26O17,4110518.5
C28H26O14,4879539.5
C29H30O13,4077740.8
C30H34O12,2710694.0
C27H38O14,2927266.3
C31H38O11,2162847.3
C38H21O6N,1775098.9
C39H25O5N,2043892.3
C25H16O17,1535832.4
C26H20O16,3324753.8
C23H24O18,2745166.0
C27H24O15,5324619.5
C28H28O14,5074757.0
C29H32O13,4071230.3
C26H36O15,1624890.6
C30H36O12,3303224.0
C31H31O7N3S,1834638.4
C26H22O16,5072372.5
C27H26O15,6682094.0
C28H30O14,5838312.0
C29H34O13,4180450.0
C30H38O12,3510748.0
C31H42O11,1540053.9
C31H33O7N3S,1586492.9
C26H24O16,5997741.0
C27H28O15,5594279.5
C28H32O14,5563554.0
C29H36O13,4518044.5
C30H40O12,3141782.5
C28H23O10N3S,2112532.0
C29H27O9N3S,2096654.6
C31H35O7N3S,1664515.8
C32H39O6N3S,1570814.4
C25H22O17,2600837.8
C26H26O16,4214656.5
C27H30O15,4005755.5
C28H34O14,3649398.3
C29H38O13,2994545.3
C25H24O17,4507255.5
C26H28O16,5243506.5
C27H32O15,5337710.0
C28H36O14,4339305.5
C29H40O13,2863717.0
C30H44O12,1772128.5
C29H31O9N3S,1574388.9
C27H18O16,1686929.9
C24H22O18,2289551.5
C28H22O15,2568590.0
C25H26O17,3975563.8
C26H30O16,3838343.8
C27H34O15,3861892.0
C29H42O13,1723260.1
C28H29O10N3S,1754913.1
C25H28O17,3135687.3
C26H32O16,2650308.0
C27H36O15,2524352.8
C31H36O12,1653951.5
C26H18O17,2036276.1
C24H26O18,1854000.4
C28H26O15,4012079.3
C29H30O14,3385389.0
C30H34O13,2650154.8
C31H38O12,1956904.4
C27H25O15N,1534196.8
C26H20O17,2488264.3
C27H24O16,3819462.8
C28H28O15,4956101.0
C29H32O14,3097539.8
C30H36O13,3468226.3
C30H27O9N3S,1640355.4
C28H30O15,4712335.0
C29H34O14,3833742.3
C30H38O13,3537806.0
C31H42O12,2054029.5
C37H21O8N,1804680.4
C40H33O5N,1536392.5
C27H28O16,5332879.5
C28H32O15,4616080.0
C29H36O14,4497297.0
C30H40O13,2784145.3
C28H23O11N3S,1859491.8
C31H35O8N3S,1716902.9
C26H26O17,4326342.0
C30H26O14,1719750.8
C27H30O16,4557767.5
C31H30O13,1528520.1
C28H34O15,4264905.0
C29H38O14,3134410.5
C30H42O13,2373068.0
C37H25O8N,1582326.9
C25H24O18,2917422.3
C29H24O15,2265135.3
C26H28O17,4329520.5
C30H28O14,2514481.5
C27H32O16,3366963.0
C31H32O13,1926708.0
C39H32O5S,1718836.9
C28H36O15,4046901.5
C29H40O14,2872375.8
C30H44O13,1963578.3
C25H26O18,2865351.8
C29H26O15,3550409.0
C26H30O17,2994378.8
C30H30O14,3715276.3
C27H34O16,2762958.0
C32H38O12,2241234.8
C29H28O15,3845518.5
C26H32O17,1833872.8
C30H32O14,3281298.3
C27H36O16,2307476.8
C31H36O13,2196374.3
C32H40O12,2080154.3
C31H27O9N3S,1529855.6
C27H22O17,3092082.3
C28H26O16,4168310.8
C29H30O15,3858043.3
C30H34O14,3000960.0
C31H38O13,2606724.8
C27H24O17,3346305.5
C28H28O16,4131718.8
C29H32O15,3513228.0
C30H36O14,3587985.3
C31H40O13,2416534.5
C32H44O12,1690011.6
C27H26O17,3280048.8
C28H30O16,4733110.5
C29H34O15,3350716.0
C30H38O14,3009729.8
C31H42O13,2240711.5
C40H33O6N,1728868.1
C31H30O14,2098528.5
C28H34O16,2472804.3
C30H42O14,1678705.4
C28H20O17,1713857.6
C29H24O16,2737352.8
C27H32O17,2415827.5
C31H32O14,2282710.5
C28H36O16,1742042.4
C29H26O16,2465357.8
C42H46O3S,1575027.8
C28H24O17,2658263.0
C30H32O15,2553829.5
C31H36O14,2564077.0
C32H40O13,1942516.3
C30H34O15,2988414.0
C32H42O13,1616268.6
C28H28O17,3834635.0
C32H28O14,1545998.0
C30H36O15,3161881.8
C27H26O18,2363550.8
C30H38O15,2725045.0
C31H42O14,2161852.5
C26H24O19,1761838.6
C28H32O17,2041917.3
C30H40O15,1918539.6
C34H42O12,1519068.8
C30H28O16,1808706.8
C31H32O15,2331977.5
C32H36O14,1812304.4
C32H38O14,2225857.8
C31H36O15,1916952.1
C29H30O17,2432337.3
C32H42O14,2085218.1
C29H32O17,1981562.1
C31H40O15,2773636.3
C28H30O18,1931646.1
C30H38O16,1777543.0
C28H32O18,1824866.6
C34H40O13,1689195.8
C30H26O17,1597849.9
C27H30O19,1963291.6
C40H27O9N,1641032.5
C28H26O19,1911368.5
C42H37O7N,1615421.4
C32H28O16,1782316.8
C31H26O17,1623536.4
C50H22OS,2441711.5
C30H38O17,1857516.9
C35H42O13,2165738.8
C33H36O15,1644433.1
C39H44O8S,9362830.0
C40H39O7N3,2719061.3
C31H30O17,1832735.4
C32H34O16,2135837.0
C33H38O15,1731354.6
C34H42O14,1881368.4
C38H42O11,2627863.5
C35H24O11N2S,1505104.4
C28H26O20,1681564.0
C30H34O18,2325141.3
C32H42O16,1708174.5
C33H36O16,1815132.3
C30H26O19,1584045.3
C30H28O19,1500413.3
C34H44O15,1744625.0
C52H22OS,2002522.3
C24H50O17N2S2,1689760.3
C54H22OS,1669171.8
C45H53O7N,1598718.1
C34H40O17,1752977.9
C36H48O15,1641887.0
C52H28O5,1841798.4
C33H36O19,1545478.3
C46H40O6N2S,1634714.0
C62H28O,1571437.5
