Molecular formula,Altamaha_SW48_000107-4_p08
C11H8O4,2160736.0
C8H12O6,2542689.5
C12H12O3,1427042.9
C10H6O5,1857520.1
C11H10O4,4118514.8
C8H14O4S,1423346.9
C12H14O3,2113269.0
C10H8O5,3406703.0
C11H12O4,3738737.3
C12H16O3,1522803.4
C11H15O3N,1957035.6
C10H10O5,5162718.0
C11H14O4,3376864.0
C9H8O6,3396927.8
C10H12O5,7518017.5
C11H16O4,3101763.3
C9H11O5N,1170479.6
C7H6O6N2,2324890.8
C9H10O6,7954332.0
C10H14O5,9039773.0
C11H18O4,2292639.0
C12H9O3N,1725640.5
C8H8O5S,2205170.3
C12H8O4,1372403.6
C9H12O4S,1321971.8
C9H12O6,8910837.0
C10H16O5,5261302.0
C11H20O4,2157559.8
C10H19O4N,1404963.8
C8H10O7,1299020.6
C12H10O4,2809421.3
C9H14O4S,1419085.4
C9H14O6,3420238.3
C10H18O5,1959247.9
C11H8O5,2177450.3
C12H12O4,2630828.0
C13H16O3,1793197.8
C10H6O6,1569808.0
C11H10O5,5493010.0
C15H10O2,1133714.9
C12H14O4,10817812.0
C14H22O2,2627096.0
C10H9O5N,1220554.0
C10H8O6,5223813.0
C9H8O5N2,1151877.8
C11H12O5,8507783.0
C12H16O4,4989321.5
C13H20O3,1313931.9
C10H11O5N,1681735.5
C9H6O7,2230537.0
C10H10O6,8829452.0
C11H14O5,11130382.0
C10H13O5N,1254872.8
C9H8O7,2795941.0
C10H12O6,12959400.0
C11H16O5,8917675.0
C12H20O4,1602990.3
C9H11O6N,1481598.8
C9H10O7,5293915.0
C13H10O4,1362268.6
C10H14O6,11411295.0
C11H18O5,3075426.3
C12H22O4,2093157.8
C12H8O5,1927724.9
C9H12O5S,2431533.3
C9H12O7,4587055.5
C13H12O4,1551153.0
C10H16O6,4484659.5
C11H20O5,1402167.6
C11H6O6,1727262.3
C12H10O5,5576483.0
C9H14O7,1526053.8
C13H14O4,3954983.8
C14H18O3,1749036.6
C15H22O2,4600113.5
C11H9O5N,1393193.6
C12H13O4N,1255342.8
C11H8O6,6290999.0
C12H12O5,9827900.0
C13H16O4,5319234.0
C14H20O3,1430855.3
C11H11O5N,2095572.0
C10H6O7,1352939.8
C11H10O6,11125618.0
C12H14O5,11971448.0
C13H18O4,4865405.5
C11H13O5N,2022943.4
C10H8O7,3966150.3
C11H12O6,12516557.0
C10H12O5N2,2626511.0
C12H16O5,11183315.0
C13H20O4,9845978.0
C10H11O6N,1340163.8
C10H10O5S,1395772.5
C10H10O7,8793664.0
C14H10O4,1553730.9
C11H14O6,13803079.0
C12H18O5,6627918.0
C13H22O4,2114901.3
C10H13O6N,2074124.8
C12H21O4N,1425179.5
C13H25O3N,3037986.8
C9H8O6S,1291979.8
C13H8O5,1257426.6
C10H12O5S,1363667.4
C10H12O7,14530519.0
C14H12O4,1635546.3
C11H16O6,13094879.0
C15H16O3,1247329.9
C12H20O5,2434534.3
C13H24O4,1609453.9
C9H10O6S,1666174.3
C9H10O8,2528130.3
C13H10O5,3715973.5
C10H14O5S,3655046.3
C10H14O7,10000778.0
C14H14O4,2601101.8
C11H18O6,6650258.5
C12H22O5,1334682.5
C12H8O6,5729098.5
C9H12O6S,2276939.5
C9H12O8,2169935.5
C13H12O5,7201619.0
C10H16O5S,1327444.0
C10H16O7,2948952.3
C14H16O4,3754843.8
C11H20O6,1620064.8
C11H7O6N,1522231.6
C12H11O5N,1734720.4
C13H15O4N,1297225.3
C11H6O7,2420520.0
C8H10O9,1429037.1
C12H10O6,10968369.0
C13H14O5,10530106.0
C10H18O5S,1255994.8
C14H18O4,5287235.0
C15H22O3,1206731.9
C11H9O6N,2017577.9
C12H13O5N,1812787.0
C11H8O7,5859109.5
C12H12O6,12937007.0
C9H16O6S,2376239.8
C13H16O5,9801528.0
C10H20O5S,1533241.3
C14H20O4,3956545.8
C11H11O6N,2101299.0
C12H15O5N,1199292.6
C10H6O8,1244719.6
C11H10O5S,1190324.6
C11H10O7,9587001.0
C12H14O6,16296259.0
C11H14O5N2,8624454.0
C13H18O5,10080589.0
C14H22O4,2402134.8
C11H13O6N,2377809.8
C10H8O6S,1573075.0
C10H8O8,2005591.9
C11H12O5S,2277469.3
C11H12O7,19006306.0
C15H12O4,1800294.4
C12H16O6,20603756.0
C13H20O5,6541174.5
C12H20O4N2,2322297.5
C16H32O2,2147989.0
C11H15O6N,1892484.5
C10H10O6S,2524814.5
C10H10O8,8169875.5
C14H10O5,2658712.0
C11H14O5S,1936537.0
C11H14O7,26092958.0
C15H14O4,1380514.5
C12H18O6,15308201.0
C13H22O5,3046835.3
C14H26O4,1543869.6
C14H13O4N,1353155.8
C13H8O6,3267547.0
C10H12O6S,2578396.0
C10H12O8,13434849.0
C14H12O5,4435942.0
C11H16O5S,1452774.8
C11H16O7,13735916.0
C15H16O4,2346480.5
C12H20O6,4893687.0
C13H24O5,1681665.6
C12H6O7,1804589.9
C12H10O3N2S,1295350.9
C13H10O6,9151033.0
C10H14O6S,2582586.0
C10H14O8,5615167.5
C14H14O5,8192580.0
C11H18O7,3682890.5
C15H18O4,4820559.0
C12H22O6,2064725.5
C12H9O6N,1498985.8
C13H13O5N,1534836.9
C12H8O7,5826714.5
C9H12O7S,1502875.5
C13H12O6,14126246.0
C10H16O6S,1751206.9
C12H12O5N2,1404329.3
C14H16O5,10439857.0
C15H20O4,4847804.5
C12H11O6N,2930653.5
C13H15O5N,1272552.9
C11H6O8,1769225.0
C12H10O7,11669269.0
C9H14O7S,1485077.8
C13H14O6,16203552.0
C10H18O6S,1241761.3
C14H18O5,11675436.0
C15H22O4,4542263.5
C12H26O4S,25833272.0
C11H9O7N,1756242.4
C12H13O6N,2981470.0
C13H17O5N,1595497.6
C11H8O8,4674959.0
C12H12O5S,1528981.1
C12H12O7,19452314.0
C13H16O6,22913446.0
C12H16O5N2,1243562.3
C14H20O5,11315634.0
C15H24O4,2653118.3
C11H11O7N,1837278.0
C12H15O6N,2650857.8
C11H10O6S,2432026.0
C11H10O8,12178464.0
C15H10O5,1655076.9
C12H14O5S,2599974.0
C12H14O7,33735724.0
C11H14O6N2,1501999.4
C13H18O4S,1403826.0
C13H18O6,25166904.0
C14H22O5,6870083.5
C15H26O4,1404239.6
C11H13O7N,2506611.5
C12H17O6N,1669503.6
C10H8O9,1326765.6
C14H8O6,1522354.6
C11H12O6S,2999475.8
C11H12O8,30230202.0
C15H12O5,2510526.8
C12H16O5S,3395264.0
C12H16O7,34490052.0
C16H16O4,1251530.9
C13H20O6,13801170.0
C14H24O5,2289374.0
C14H11O5N,1293578.5
C11H15O7N,1839889.5
C13H6O7,1663048.0
C10H10O7S,1730633.1
C10H10O9,2835279.0
C14H10O6,5132628.0
C11H14O6S,3159893.3
C11H14O8,25700700.0
C15H14O5,4556640.5
C12H18O5S,1216993.4
C12H18O7,14039399.0
C16H18O4,2160492.5
C13H22O6,4714867.5
C12H22O5N2,15704440.0
C14H26O5,1364864.0
C13H9O6N,2219171.3
C14H13O5N,1769135.4
C13H8O7,6275055.5
C10H12O7S,2595312.8
C10H12O9,3576822.8
C14H12O6,12305404.0
C11H16O6S,2047997.1
C13H12O5N2,1319039.8
C11H16O8,8278019.0
C15H16O5,9622536.0
C12H20O5S,1248521.4
C12H20O7,3177999.5
C16H20O4,2989076.5
C13H24O6,1248027.8
C17H24O3,1290784.9
C12H7O7N,1313089.1
C13H11O6N,3135309.5
C10H15O8N,1400404.6
C14H15O5N,1659481.8
C12H6O8,1551247.6
C13H10O7,12330652.0
C10H14O7S,2066077.3
C14H14O6,15668904.0
C13H14O5N2,1238956.3
C15H18O5,10677941.0
C16H22O4,3674817.3
C14H30O3S,4799183.0
C12H9O7N,1279471.4
C13H13O6N,2965499.8
C14H17O5N,1675016.1
C12H8O8,5663039.5
C13H12O7,18719052.0
C12H12O6N2,1316175.8
C14H16O6,20431192.0
C15H20O5,14350693.0
C13H28O4S,2595442.3
C12H11O7N,2196128.3
C13H15O6N,2785452.8
C12H10O6S,1292267.0
C12H10O8,12227569.0
C13H14O5S,1338615.5
C13H14O7,25330686.0
C12H14O6N2,1512705.5
C14H18O6,26694666.0
C15H22O5,11850775.0
C12H13O7N,3346258.5
C13H17O6N,2680670.8
C11H8O9,2087574.8
C12H12O6S,2041757.1
C12H12O8,26781348.0
C16H12O5,1774760.5
C13H16O5S,2458281.8
C13H16O7,42538672.0
C14H20O4S,1469878.1
C14H20O6,23840444.0
C15H24O5,5918408.5
C18H36O2,1720814.0
C11H11O8N,1658103.8
C12H15O7N,3624452.3
C13H19O6N,1823248.6
C14H6O7,1285440.8
C11H10O7S,2185537.8
C11H10O9,8382792.0
C15H10O6,2809677.3
C12H14O6S,3195726.3
C12H14O8,44931412.0
C11H14O7N2,1357656.3
C16H14O5,2619737.5
C13H18O5S,3455834.8
C13H18O7,37566816.0
C14H22O6,10690925.0
C15H26O5,2216825.5
C16H30O4,1875078.0
C14H9O6N,1637792.5
C11H13O8N,1939111.8
C12H17O7N,2257076.3
C14H8O7,2749423.5
C11H12O7S,3122672.8
C11H12O9,16595959.0
C15H12O6,5928956.0
C12H16O6S,2503677.0
C14H12O5N2,1361919.8
C12H16O8,31656964.0
C16H16O5,4834312.5
C13H20O5S,1270537.5
C13H20O7,13036559.0
C17H20O4,2234900.8
C14H24O6,2971675.8
C15H28O5,2317864.3
C14H11O6N,2491214.0
C11H15O8N,1930069.3
C15H15O5N,1434202.5
C12H19O7N,1688161.6
C10H10O8S,1846416.8
C14H10O7,9957020.0
C11H14O7S,3027613.0
C11H14O9,12132003.0
C15H14O6,12025512.0
C12H18O6S,2496169.3
C12H18O8,9828015.0
C16H18O5,6963892.5
C13H22O7,3800251.8
C17H22O4,1917120.9
C14H26O6,1277000.0
C13H9O7N,2078189.0
C14H13O6N,2998777.3
C11H17O8N,1762816.4
C15H17O5N,1688325.5
C13H8O8,7035193.5
C10H12O8S,2149946.8
C14H12O7,19329350.0
C11H16O7S,2296647.3
C13H12O6N2,1470281.8
C11H16O9,1837901.1
C15H16O6,18305362.0
C14H16O5N2,1824598.1
C12H20O8,1363801.5
C16H20O5,8546655.0
C17H24O4,2245994.8
C14H28O4S,1257580.0
C15H32O3S,4978040.5
C13H11O7N,2601622.0
C14H15O6N,2606754.3
C15H19O5N,1445806.5
C13H10O6S,1508315.8
C13H10O8,14359522.0
C10H14O8S,2172387.0
C14H14O7,25129966.0
C11H18O7S,1539823.1
C13H14O6N2,2288625.8
C15H18O6,26932218.0
C16H22O5,8508423.0
C17H26O4,112370704.0
C14H30O4S,11262996.0
C12H9O8N,1399856.9
C13H13O7N,3514173.3
C14H17O6N,2633545.5
C12H8O9,3297404.0
C13H12O8,23467656.0
C12H12O7N2,1805451.9
C14H16O5S,1329294.4
C14H16O7,35554964.0
C13H16O6N2,1690264.1
C15H20O6,31663776.0
C16H24O3S,1263910.8
C16H24O5,3948204.8
C12H11O8N,2167254.5
C13H15O7N,3608546.8
C12H10O7S,1643034.8
C12H10O9,8108320.5
C16H10O6,1389093.9
C13H14O6S,1784871.0
C13H14O8,37644588.0
C12H14O7N2,1312560.8
C14H18O5S,3363635.3
C14H18O7,43403576.0
C15H22O4S,1401151.4
C15H22O6,20359494.0
C16H26O3S,73361736.0
C16H26O5,1642065.6
C12H13O8N,2966650.5
C13H17O7N,3876998.8
C15H8O7,1632445.1
C12H12O7S,2823102.3
C12H12O9,25086916.0
C16H12O6,3027913.3
C13H16O6S,2740170.5
C13H16O8,53644240.0
C17H16O5,1816789.5
C14H20O5S,2616790.5
C14H20O7,33721308.0
C18H20O4,1381601.6
C15H24O6,9026537.0
C16H28O5,1441013.0
C17H32O4,1461761.1
C15H11O6N,1735190.4
C12H15O8N,2427421.5
C13H19O7N,2388777.8
C14H6O8,2060371.5
C11H10O8S,1913428.6
C11H10O10,3504730.5
C15H10O7,5380703.5
C12H14O7S,3911264.8
C12H14O9,32550502.0
C16H14O6,6966892.0
C13H18O6S,2497133.0
C13H18O8,31919730.0
C17H18O5,4044408.0
C14H22O7,10571391.0
C18H22O4,2154116.3
C15H26O6,2420875.3
C14H9O7N,1549740.4
C15H13O6N,1849528.5
C12H17O8N,1736383.6
C16H17O5N,1330116.6
C13H21O7N,1792459.8
C14H8O8,4815093.0
C11H12O8S,2386678.3
C11H12O10,4759804.0
C15H12O7,12888321.0
C12H16O7S,3641090.5
C14H12O6N2,1353989.1
C12H16O9,17064200.0
C16H16O6,10707213.0
C13H20O6S,1933070.5
C13H20O8,8663316.0
C17H20O5,6250777.5
C14H24O7,2514208.5
C18H24O4,2090277.8
C14H11O7N,3280461.8
C11H15O9N,1775700.8
C15H15O6N,2734169.8
C12H19O8N,2054752.9
C14H10O8,15397782.0
C11H14O8S,2760087.3
C11H14O10,2623901.3
C15H14O7,22533026.0
C12H18O7S,2727843.5
C14H14O6N2,2210726.0
C12H18O9,3226537.5
C16H18O6,17793966.0
C13H22O6S,1535407.6
C17H22O5,8102842.5
C18H26O4,1824198.8
C16H34O3S,4146644.0
C14H13O7N,4967662.5
C11H17O9N,1633269.6
C15H17O6N,3147514.8
C12H21O8N,1520385.9
C13H8O9,4553259.0
C14H12O6S,1389361.1
C14H12O8,27088438.0
C11H16O8S,1873464.1
C13H12O7N2,1931578.8
C15H16O7,33756740.0
C12H20O7S,1794628.3
C14H16O6N2,2865734.8
C16H20O6,26019408.0
C17H24O5,7037531.5
C14H28O5S,2763356.5
C15H32O4S,8048232.5
C13H11O8N,3024259.0
C14H15O7N,4879247.0
C11H19O9N,1690262.3
C15H19O6N,2066843.4
C13H10O7S,1653189.5
C13H10O9,14667979.0
C14H14O8,36067544.0
C13H14O7N2,2039259.4
C15H18O7,46987492.0
C12H22O7S,3363045.0
C16H22O6,20801776.0
C17H26O3S,1533686.1
C17H26O5,5119228.0
C14H30O5S,9216253.0
C13H13O8N,3586595.8
C14H17O7N,4612656.0
C15H21O6N,1498684.1
C12H8O10,1533280.1
C16H8O7,1304165.3
C13H12O7S,1884518.4
C13H12O9,23612268.0
C17H12O6,2042737.4
C14H16O6S,2064754.5
C14H16O8,53443448.0
C13H16O7N2,1700732.1
C18H16O5,1598589.5
C15H20O5S,2581374.5
C22H16O2,1298306.6
C15H20O7,48077700.0
C16H24O6,9429905.0
C17H28O3S,141917072.0
C17H28O5,1654428.9
C13H15O8N,4319429.0
C14H19O7N,2393809.0
C12H10O8S,2071035.4
C12H10O10,4948481.5
C16H10O7,2406918.3
C13H14O7S,2089735.5
C13H14O9,37682700.0
C17H14O6,2653202.5
C14H18O6S,2068499.6
C14H18O8,49856024.0
C18H18O5,1960222.6
C15H22O5S,2504735.8
C15H22O7,24018470.0
C16H26O4S,1463852.0
C18H34O4,1646922.3
C12H13O9N,2022234.1
C13H17O8N,3181414.3
C14H21O7N,1625458.4
C15H8O8,2668700.0
C12H12O8S,2670749.3
C12H12O10,13523107.0
C16H12O7,6272168.0
C13H16O7S,3737769.3
C13H16O9,42688688.0
C17H16O6,5714100.5
C14H20O6S,2334901.5
C14H20O8,28586172.0
C18H20O5,2963648.5
C15H24O7,7884999.5
C19H24O4,1357772.6
C16H28O6,1995987.8
C15H11O7N,2278645.3
C12H15O9N,1965564.3
C16H15O6N,1678849.4
C13H19O8N,2991624.5
C15H10O8,8860479.0
C12H14O8S,2581823.8
C12H14O10,15684422.0
C16H14O7,12761931.0
C13H18O7S,3492172.0
C13H18O9,18240338.0
C17H18O6,10488663.0
C14H22O6S,2005336.3
C14H22O8,7294814.0
C18H22O5,6648675.5
C15H26O7,1782890.3
C19H26O4,1468783.5
C14H9O8N,2185356.3
C11H13O10N,1574291.3
C15H13O7N,3593368.5
C12H17O9N,2629279.5
C16H17O6N,1410724.6
C13H21O8N,2658475.8
C17H21O5N,1321904.8
C14H8O9,4415958.5
C15H12O8,21714402.0
C12H16O8S,3447267.5
C14H12O7N2,1444326.3
C12H16O10,5134825.5
C16H16O7,22091246.0
C13H20O7S,2064879.9
C15H16O6N2,3021298.5
C13H20O9,2773493.8
C17H20O6,17094138.0
C18H24O5,12846599.0
C19H28O4,1329683.3
C17H36O3S,1860640.6
C14H11O8N,3267888.5
C11H15O10N,1726263.8
C15H15O7N,4717373.0
C12H19O9N,2655044.0
C16H19O6N,2861385.0
C13H23O8N,2402128.3
C16H35O5N,4230005.0
C14H10O9,16423035.0
C11H14O9S,1356924.5
C15H14O8,36546696.0
C12H18O8S,2387080.8
C14H14O7N2,3331723.3
C16H18O7,35760276.0
C15H18O6N2,2347159.5
C17H22O6,22419616.0
C18H26O5,6160556.5
C13H9O9N,1325514.3
C14H13O8N,5884374.5
C11H17O10N,1801181.6
C15H17O7N,5688802.5
C12H21O9N,1370089.9
C16H21O6N,2344943.0
C13H8O10,3051797.8
C14H12O7S,2202396.0
C14H12O9,36866848.0
C13H12O8N2,1949477.8
C15H16O6S,1914664.3
C15H16O8,60836656.0
C14H16O7N2,3655474.0
C16H20O7,58903356.0
C15H20O6N2,1890622.4
C17H24O6,20564806.0
C18H28O3S,1882701.1
C18H28O5,2816851.0
C15H32O5S,1624660.1
C13H11O9N,2320497.8
C14H15O8N,6191230.0
C15H19O7N,4689034.5
C16H23O6N,1503638.6
C13H10O8S,1663928.1
C13H10O10,9897406.0
C17H10O7,2498499.3
C14H14O7S,3294148.5
C14H14O9,53153228.0
C13H14O8N2,1987022.4
C18H14O6,2333647.8
C15H18O6S,2197968.8
C15H18O8,78941656.0
C14H18O7N2,2570202.5
C16H22O5S,2438621.0
C16H22O7,40496612.0
C17H26O6,8615407.0
C18H30O3S,96374264.0
C13H13O9N,3894555.3
C14H17O8N,5732135.5
C15H21O7N,2381620.0
C16H8O8,1900129.6
C13H12O8S,2932834.8
C13H12O10,20521064.0
C17H12O7,4108397.8
C14H16O7S,3295343.0
C14H16O9,64753780.0
C13H16O8N2,1752184.9
C18H16O6,3210362.3
C15H20O6S,3065467.3
C15H20O8,59625600.0
C19H20O5,1940614.6
C16H24O5S,2026119.8
C16H24O7,15536270.0
C17H28O4S,4748436.0
C18H32O5,1742758.5
C13H15O9N,3762631.0
C17H15O6N,1389260.0
C14H19O8N,4074963.3
C12H10O9S,1506051.1
C12H10O11,1391881.1
C16H10O8,5021454.5
C13H14O8S,2833679.5
C13H14O10,30995222.0
C17H14O7,6771482.5
C14H18O7S,3568411.8
C14H18O9,44757792.0
C18H18O6,5756711.0
C15H22O6S,2553640.3
C15H22O8,22872878.0
C19H22O5,3630899.5
C18H34O5,2077523.5
C16H13O7N,2333293.8
C13H17O9N,3292789.0
C17H17O6N,1651578.3
C14H21O8N,2114689.5
C15H25O7N,24663182.0
C15H8O9,3001265.3
C12H12O9S,1649586.4
C12H12O11,4100536.5
C16H12O8,11361726.0
C13H16O8S,2603454.8
C13H16O10,22107588.0
C17H16O7,12058058.0
C14H20O7S,3094475.3
C14H20O9,14759377.0
C18H20O6,8056278.5
C15H24O6S,2310103.8
C15H24O8,5138910.0
C19H24O5,4269539.0
C15H11O8N,2474770.0
C12H15O10N,1658137.4
C16H15O7N,3188510.5
C13H19O9N,3621157.8
C17H19O6N,1937195.0
C14H23O8N,1641266.3
C15H10O9,9754723.0
C12H14O9S,2530916.5
C12H14O11,2824810.5
C16H14O8,22591600.0
C13H18O8S,3114609.0
C15H14O7N2,1837171.8
C13H18O10,6700151.0
C17H18O7,18798716.0
C14H22O7S,2837117.5
C14H22O9,2668163.5
C18H22O6,14698633.0
C15H26O6S,1449098.0
C19H26O5,5596309.5
C14H9O9N,1682361.1
C15H13O8N,3999173.8
C12H17O10N,1991117.0
C16H17O7N,4135378.3
C13H21O9N,3376089.5
C17H21O6N,1757150.8
C14H8O10,2274060.0
C15H12O7S,1423122.4
C15H12O9,28121880.0
C12H16O9S,2555161.8
C16H16O8,38026020.0
C13H20O8S,2567974.3
C15H16O7N2,4084009.0
C17H20O7,32693042.0
C18H24O6,18922302.0
C19H28O5,3933002.8
C14H11O9N,3037808.0
C15H15O8N,6342780.5
C12H19O10N,2320515.8
C16H19O7N,3844233.0
C13H23O9N,2224784.5
C17H23O6N,1662101.6
C14H10O10,12912068.0
C15H14O7S,2402762.8
C15H14O9,50888144.0
C14H14O8N2,2950100.8
C16H18O8,61513180.0
C15H18O7N2,3842529.3
C17H22O7,46497260.0
C18H26O6,14104055.0
C19H30O5,2708995.3
C16H34O5S,5919236.5
C14H13O9N,5677866.0
C15H17O8N,7896886.5
C16H21O7N,3497795.3
C14H12O8S,3188346.0
C14H12O10,33022080.0
C18H12O7,2379909.5
C15H16O7S,3013254.5
C15H16O9,78110864.0
C14H16O8N2,3087504.8
C19H16O6,2038418.1
C16H20O8,86663320.0
C15H20O7N2,2628253.3
C17H24O5S,2593952.0
C17H24O7,35455144.0
C18H28O4S,2500268.5
C18H28O6,6350003.0
C19H32O3S,27021498.0
C13H11O10N,1808859.0
C14H15O9N,7365095.5
C15H19O8N,6899188.5
C16H23O7N,2020353.1
C13H10O9S,1540140.6
C13H10O11,4816691.0
C17H10O8,3892024.3
C14H14O8S,4300601.5
C14H14O10,61137728.0
C18H14O7,5500741.0
C15H18O7S,4705094.0
C15H18O9,94298960.0
C14H18O8N2,2408272.3
C19H18O6,3659601.5
C16H22O6S,2397522.8
C16H22O8,59695960.0
C20H22O5,2315102.5
C17H26O5S,1843039.5
C17H26O7,13134694.0
C18H30O4S,4208492.5
C18H30O6,2877298.5
C16H9O8N,1618068.8
C13H13O10N,3172508.3
C17H13O7N,2292385.5
C14H17O9N,6318249.0
C15H21O8N,3812533.8
C16H25O7N,1417410.4
C16H8O9,2879470.3
C13H12O9S,2906095.5
C13H12O11,13721078.0
C21H12O3S,1650682.3
C17H12O8,8273403.0
C14H16O8S,3477500.3
C14H16O10,67282432.0
C18H16O7,8392200.0
C15H20O7S,5019145.0
C15H20O9,55846416.0
C19H20O6,6521364.5
C16H24O6S,1847317.8
C16H24O8,19568156.0
C20H24O5,2969633.5
C17H28O5S,2762786.5
C17H28O7,3973672.8
C18H32O6,1835829.6
C16H11O8N,2350425.3
C13H15O10N,2447200.8
C17H15O7N,1880678.0
C14H19O9N,4393837.5
C15H23O8N,2281338.3
C16H10O9,7256244.5
C13H14O9S,3402421.5
C13H14O11,16251068.0
C17H14O8,14072001.0
C14H18O8S,3159234.3
C14H18O10,33884360.0
C18H18O7,12671182.0
C15H22O7S,4784335.0
C15H22O9,14715093.0
C19H22O6,9926875.0
C16H26O8,4167906.3
C20H26O5,4019431.5
C15H9O9N,1547540.0
C16H13O8N,2891296.8
C13H17O10N,3459112.3
C17H17O7N,2453037.8
C14H21O9N,3583029.3
C15H25O8N,1613378.0
C15H8O10,2175344.3
C12H12O10S,1536113.4
C16H12O9,18529150.0
C13H16O9S,3107710.5
C13H16O11,7920516.5
C17H16O8,21855114.0
C14H20O8S,3611531.3
C16H16O7N2,3180942.0
C14H20O10,7109521.5
C18H20O7,20720534.0
C15H24O7S,3772312.3
C17H20O6N2,1517850.9
C15H24O9,2928030.5
C19H24O6,13724580.0
C20H28O5,4250545.0
C15H11O9N,3094750.3
C16H15O8N,4822251.0
C15H15O7N3,1525231.1
C13H19O10N,3823858.5
C17H19O7N,2646776.0
C14H23O9N,1912575.5
C15H10O10,10495548.0
C16H14O9,29847112.0
C13H18O9S,2056778.0
C13H18O11,1492048.3
C17H18O8,32919126.0
C14H22O8S,2262615.0
C16H18O7N2,3136089.8
C18H22O7,29052514.0
C15H26O7S,1896035.9
C19H26O6,14982768.0
C20H30O5,2453628.5
C15H13O9N,4498347.0
C12H17O11N,1580466.5
C16H17O8N,4971448.0
C13H21O10N,3495359.5
C17H21O7N,2751941.0
C15H12O8S,2187523.5
C15H12O10,26972426.0
C16H16O9,47599896.0
C15H16O8N2,3622682.8
C17H20O8,55161124.0
C16H20O7N2,2631975.8
C18H24O7,34664752.0
C19H28O6,8456510.0
C17H36O5S,4385100.0
C14H11O10N,1918061.3
C15H15O9N,5791354.0
C16H19O8N,5555847.0
C17H23O7N,2848404.3
C14H10O11,6802381.0
C18H10O8,2065362.5
C15H14O8S,3095507.8
C15H14O10,48911324.0
C19H14O7,2589151.5
C16H18O9,73446376.0
C15H18O8N2,3684331.3
C17H22O8,64549876.0
C18H26O7,22852610.0
C19H30O6,3846158.3
C16H34O6S,7773199.5
C14H13O10N,4150590.5
C15H17O9N,7423307.5
C16H21O8N,5191000.5
C17H25O7N,2042213.5
C17H8O9,2230935.5
C14H12O9S,2778776.8
C14H12O11,18196128.0
C22H12O3S,2982051.8
C18H12O8,4870820.5
C15H16O8S,3737253.8
C15H16O10,77215408.0
C14H16O9N2,2320560.3
C19H16O7,4367025.5
C16H20O7S,2362034.8
C16H20O9,81163960.0
C15H20O8N2,3028157.3
C20H20O6,2927294.8
C17H24O8,40580808.0
C18H28O5S,1520077.0
C18H28O7,8206035.5
C14H15O10N,4237329.5
C15H19O9N,5860382.5
C16H23O8N,3585579.5
C17H27O7N,2171960.8
C17H10O9,5753195.5
C14H14O9S,4423020.5
C14H14O11,36665716.0
C18H14O8,10074488.0
C15H18O8S,4961657.5
C15H18O10,73218432.0
C19H18O7,8298885.5
C16H22O7S,3435910.8
C16H22O9,45021580.0
C20H22O6,5263762.5
C17H26O6S,2688403.8
C17H26O8,14739866.0
C21H26O5,2190751.8
C18H30O5S,2161056.8
C18H30O7,2917287.3
C16H9O9N,1641169.3
C13H13O11N,1661144.9
C17H13O8N,3023582.3
C14H17O10N,4716262.0
C18H17O7N,1641195.5
C15H21O9N,5621491.0
C16H25O8N,2658048.3
C20H25O5N,1557253.6
C16H8O10,2753587.5
C13H12O10S,2039348.6
C13H12O12,4612155.0
C17H12O9,14015553.0
C14H16O9S,4293697.5
C14H16O11,35191880.0
C18H16O8,17861710.0
C15H20O8S,5666895.0
C15H20O10,36461652.0
C19H20O7,15412315.0
C16H24O7S,1861724.0
C16H24O9,14212194.0
C20H24O6,8809576.0
C17H28O8,3728495.5
C21H28O5,2375285.0
C16H11O9N,3541927.0
C13H15O11N,2151854.8
C17H15O8N,4708788.0
C14H19O10N,4989372.0
C18H19O7N,2434497.3
C15H23O9N,4711881.0
C18H35O6N,2145776.3
C16H10O10,9269002.0
C13H14O10S,1776395.0
C13H14O12,4834065.5
C17H14O9,27344662.0
C14H18O9S,4270872.0
C14H18O11,15462175.0
C18H18O8,28262180.0
C15H22O8S,5469989.5
C15H22O10,8716076.0
C19H22O7,25169714.0
C16H26O9,2352440.8
C20H26O6,13147966.0
C21H30O5,1749323.4
C16H13O9N,4821118.0
C13H17O11N,2324613.5
C17H17O8N,5111947.0
C16H17O7N3,1720975.3
C14H21O10N,4376722.5
C18H21O7N,2628760.3
C15H25O9N,2036895.9
C15H8O11,2237908.0
C16H12O8S,1834970.6
C16H12O10,25625058.0
C13H16O10S,2636770.3
C13H16O12,2456552.8
C17H16O9,39813616.0
C14H20O9S,3620335.5
C16H16O8N2,4133362.3
C14H20O11,3318261.8
C18H20O8,40255996.0
C15H24O8S,3579388.5
C17H20O7N2,3065855.5
C19H24O7,32506376.0
C20H28O6,11184662.0
C15H11O10N,2514760.5
C16H15O9N,5725013.5
C13H19O11N,2675037.3
C17H19O8N,5242722.5
C14H23O10N,2870634.5
C18H23O7N,2564464.0
C15H10O11,7316652.0
C16H14O10,44262584.0
C17H18O9,54658248.0
C18H22O8,57590996.0
C17H22O7N2,2352343.5
C19H26O7,29254880.0
C20H30O6,6526189.5
C15H13O10N,4404768.5
C16H17O9N,6714926.0
C13H21O11N,2037813.5
C17H21O8N,4469307.0
C14H25O10N,1754946.6
C18H25O7N,1921608.1
C15H12O11,20719492.0
C19H12O8,3006345.8
C16H16O8S,4116363.0
C16H16O10,63997840.0
C20H16O7,2417047.0
C17H20O9,74221472.0
C16H20O8N2,2810274.8
C18H24O8,52922284.0
C19H28O5S,6369202.5
C19H28O7,15169465.0
C20H32O6,2246086.0
C15H15O10N,6160633.5
C12H19O12N,1557888.9
C16H19O9N,6036742.5
C17H23O8N,3740947.5
C14H10O12,1601871.8
C18H10O9,3786325.3
C15H14O9S,3776086.5
C15H14O11,38431324.0
C19H14O8,4907618.5
C16H18O8S,2842723.5
C16H18O10,75221608.0
C20H18O7,3067503.5
C17H22O9,63163000.0
C21H22O6,2586236.8
C18H26O8,24197764.0
C19H30O5S,7764619.0
C19H30O7,4963985.5
C14H13O11N,2810820.8
C18H13O8N,2275786.0
C15H17O10N,5194706.0
C16H21O9N,5275615.0
C17H25O8N,2875372.0
C20H25O4N3,1680373.6
C14H12O10S,1861921.8
C14H12O12,7191848.0
C18H12O9,6636846.0
C15H16O9S,3610927.0
C15H16O11,48885044.0
C19H16O8,7130427.0
C16H20O8S,2827580.0
C16H20O10,57707844.0
C20H20O7,6043976.0
C17H24O7S,2884425.3
C17H24O9,28478800.0
C21H24O6,3661141.3
C18H28O8,7202141.0
C19H32O5S,2432355.5
C17H11O9N,2168981.3
C14H15O11N,2516125.0
C18H15O8N,2587810.5
C15H19O10N,4979370.0
C19H19O7N,1498799.6
C16H23O9N,4700855.5
C17H27O8N,2607300.5
C17H10O10,6344697.0
C14H14O10S,1943546.0
C14H14O12,13529088.0
C18H14O9,13750278.0
C15H18O9S,4207623.0
C15H18O11,37310476.0
C19H18O8,14045203.0
C16H22O8S,3160084.3
C16H22O10,25825306.0
C20H22O7,9455648.0
C17H26O9,8099880.0
C21H26O6,4678701.5
C18H30O8,2490933.0
C20H42O4N2,2045024.5
C17H13O9N,3578221.3
C14H17O11N,2450805.0
C18H17O8N,3041658.5
C15H21O10N,4874626.0
C19H21O7N,2634631.5
C16H25O9N,2854799.3
C16H8O11,1600451.3
C17H12O10,17285840.0
C14H16O10S,3022033.8
C14H16O12,11993816.0
C18H16O9,24380126.0
C15H20O9S,4318943.0
C15H20O11,13816549.0
C19H20O8,25727722.0
C16H24O8S,1951979.8
C16H24O10,6235890.5
C20H24O7,17949432.0
C17H28O9,1814783.4
C21H28O6,5789445.0
C16H11O10N,2531383.5
C13H15O12N,1967167.0
C17H15O9N,4693060.5
C14H19O11N,4004940.3
C18H19O8N,4332625.5
C15H23O10N,4035673.3
C19H23O7N,2090590.8
C16H27O9N,1838694.4
C18H35O5NS,9112698.0
C16H10O11,7695770.0
C17H14O10,35681704.0
C14H18O10S,3380648.5
C14H18O12,3413422.8
C18H18O9,39237044.0
C15H22O9S,3443125.5
C15H22O11,3018172.0
C19H22O8,43677120.0
C20H26O7,25195982.0
C21H30O6,4840923.5
C16H13O10N,4541197.5
C13H17O12N,2595605.3
C17H17O9N,6634267.0
C16H17O8N3,1507359.0
C14H21O11N,3445538.5
C18H21O8N,4295464.0
C15H25O10N,1845039.6
C19H25O7N,2174261.0
C16H12O11,23906416.0
C17H16O10,54859900.0
C18H20O9,64116876.0
C15H24O9S,2733195.3
C19H24O8,55875736.0
C20H28O7,20900004.0
C21H32O6,2801841.3
C15H11O11N,2041301.8
C16H15O10N,6638051.0
C13H19O12N,2775530.5
C17H19O9N,8157680.0
C14H23O11N,1709559.5
C18H23O8N,4199933.0
C15H10O12,3968823.3
C16H14O9S,3607357.8
C16H14O11,48388932.0
C20H14O8,3616585.8
C17H18O10,81632080.0
C18H22O9,87825248.0
C22H22O6,1889635.9
C19H26O8,50436972.0
C20H30O7,12055417.0
C18H38O6S,4923271.0
C15H13O11N,3504297.5
C19H13O8N,1856686.8
C16H17O10N,7978166.5
C13H21O12N,1508286.0
C17H21O9N,7304387.5
C18H25O8N,3813584.5
C15H12O10S,2851331.8
C15H12O12,13262346.0
C19H12O9,5058063.5
C16H16O9S,4659728.5
C16H16O11,75406872.0
C20H16O8,5740060.5
C17H20O8S,3993117.8
C17H20O10,96132648.0
C21H20O7,3835433.5
C18H24O9,66985520.0
C19H28O8,22138430.0
C20H32O7,2994251.3
C18H11O9N,1920883.8
C15H15O11N,5010299.5
C19H15O8N,2310528.8
C16H19O10N,7739272.5
C20H19O7N,1759117.9
C17H23O9N,6776725.5
C18H27O8N,3270562.5
C18H10O10,6024403.5
C15H14O10S,4008148.8
C15H14O12,25673948.0
C23H14O4S,3782367.8
C19H14O9,9830625.0
C16H18O9S,4703457.5
C16H18O11,73834728.0
C20H18O8,8663278.0
C17H22O8S,3165422.8
C17H22O10,61399284.0
C21H22O7,5510394.5
C18H26O9,25448706.0
C22H26O6,2553607.5
C19H30O6S,1812232.8
C19H30O8,6210831.0
C14H13O12N,1679422.4
C18H13O9N,2442307.8
C15H17O11N,4553291.5
C19H17O8N,2726992.8
C16H21O10N,6154840.5
C17H25O9N,5315173.5
C18H29O8N,2134642.3
C14H12O13,2727325.3
C18H12O10,10943395.0
C15H16O10S,3577251.8
C15H16O12,28656554.0
C19H16O9,15135664.0
C16H20O9S,3465136.8
C16H20O11,39871416.0
C20H20O8,13550524.0
C17H24O8S,3384253.8
C17H24O10,21058500.0
C21H24O7,9057225.0
C18H28O9,6281169.0
C22H28O6,4437974.5
C19H32O8,1633757.9
C17H11O10N,2610436.8
C14H15O12N,1746188.3
C18H15O9N,3052817.8
C15H19O11N,4625689.0
C19H19O8N,3121950.8
C18H19O7N3,1579554.5
C16H23O10N,5390630.0
C20H23O7N,2598699.5
C17H27O9N,3864883.0
C17H10O11,6023778.5
C14H14O11S,1904739.5
C14H14O13,4339306.0
C18H14O10,20801136.0
C15H18O10S,3486832.3
C15H18O12,15869559.0
C19H18O9,23651964.0
C16H22O9S,3027581.3
C16H22O11,12437124.0
C20H22O8,20764298.0
C17H26O10,4672144.5
C21H26O7,12783254.0
C22H30O6,4086434.8
C17H13O10N,2939856.3
C14H17O12N,2289623.8
C18H17O9N,5134301.0
C15H21O11N,3881956.5
C19H21O8N,2796521.8
C16H25O10N,3649521.5
C20H25O7N,1891830.9
C17H29O9N,1757182.4
C17H12O11,15685932.0
C18H16O8S,1717555.0
C14H16O13,2082611.9
C18H16O10,32926010.0
C15H20O10S,3149114.5
C15H20O12,3809600.8
C19H20O9,35629384.0
C16H24O9S,2469191.3
C16H24O11,2808141.8
C20H24O8,32000340.0
C21H28O7,13044064.0
C22H32O6,3020140.8
C16H11O11N,1996428.0
C17H15O10N,4645529.0
C14H19O12N,2453664.3
C18H19O9N,5422757.5
C15H23O11N,3181741.0
C19H23O8N,3272370.5
C16H27O10N,4940474.0
C16H10O12,3868647.0
C17H14O11,30247924.0
C18H18O10,43756544.0
C15H22O10S,2606081.8
C19H22O9,51112972.0
C20H26O8,33704988.0
C21H30O7,8393767.0
C16H13O11N,2916689.8
C13H17O13N,1740121.4
C17H17O10N,6006110.5
C14H21O12N,2768742.0
C18H21O9N,5463403.5
C15H25O11N,1728882.8
C19H25O8N,2670456.3
C16H12O12,12590763.0
C17H16O11,47451832.0
C18H20O10,63942340.0
C19H24O9,59174608.0
C20H28O8,25308894.0
C21H32O7,5030635.0
C19H40O6S,3176185.0
C16H15O11N,4514837.0
C20H15O8N,1792026.3
C17H19O10N,6205473.5
C18H23O9N,4837422.5
C19H27O8N,2137659.0
C19H10O10,3352933.5
C16H14O10S,2704742.8
C16H14O12,27545964.0
C20H14O9,5170546.0
C17H18O9S,3197811.5
C17H18O11,66122104.0
C21H18O8,4093311.0
C18H22O10,73625992.0
C22H22O7,2720651.8
C19H26O9,41546132.0
C23H26O6,1780120.4
C20H30O8,11925920.0
C18H38O7S,5818797.5
C15H13O12N,1783752.1
C19H13O9N,2382029.5
C16H17O11N,6191829.0
C20H17O8N,2048730.3
C17H21O10N,7566049.5
C18H25O9N,4474606.5
C18H8O11,1717015.8
C15H12O13,5244959.0
C19H12O10,7945252.5
C16H16O10S,4055077.5
C16H16O12,45691948.0
C20H16O9,9262129.0
C17H20O9S,3568690.3
C17H20O11,67597368.0
C21H20O8,7330877.5
C18H24O8S,2810430.8
C18H24O10,46920772.0
C22H24O7,5124170.5
C19H28O9,16618578.0
C23H28O6,3072599.0
C20H32O8,4293726.5
C18H11O10N,1528702.4
C15H15O12N,2665349.8
C19H15O9N,3525003.0
C16H19O11N,5546386.5
C20H19O8N,1993623.6
C17H23O10N,6718879.0
C18H27O9N,5168555.5
C18H10O11,5535444.0
C15H14O11S,2153173.0
C15H14O13,10452699.0
C19H14O10,14173921.0
C16H18O10S,3957473.8
C16H18O12,40802024.0
C20H18O9,15009517.0
C17H22O9S,3801838.3
C17H22O11,34543348.0
C21H22O8,12357370.0
C18H26O8S,2037754.9
C18H26O10,16422657.0
C22H26O7,8199942.5
C19H30O9,4806413.5
C23H30O6,2553107.0
C18H13O10N,2926649.3
C15H17O12N,3917888.5
C19H17O9N,4238406.0
C16H21O11N,6336589.0
C20H21O8N,2780242.5
C17H25O10N,5988442.0
C18H29O9N,2439270.5
C18H12O11,13164942.0
C15H16O11S,2226062.8
C15H16O13,11645333.0
C19H16O10,24938906.0
C16H20O10S,3947931.3
C16H20O12,20294050.0
C20H20O9,24283558.0
C17H24O9S,3889063.8
C17H24O11,11360686.0
C21H24O8,20965812.0
C18H28O10,3601850.5
C22H28O7,11473344.0
C23H32O6,3232716.5
C17H11O11N,1740005.1
C14H15O13N,1609964.4
C18H15O10N,5134065.5
C18H19O4N3S2,1655413.9
C15H19O12N,3876601.0
C19H19O9N,4839166.0
C18H19O8N3,1718018.1
C16H23O11N,5880581.5
C20H23O8N,2617610.8
C17H27O10N,3426066.0
C18H31O9N,1563166.5
C17H10O12,4445240.0
C18H14O9S,2092094.5
C18H14O11,31128644.0
C15H18O11S,2590278.0
C15H18O13,5362764.0
C19H18O10,40467536.0
C16H22O10S,3163218.3
C16H22O12,4894808.5
C20H22O9,39279708.0
C17H26O9S,2593374.8
C17H26O11,2592869.0
C21H26O8,29858922.0
C22H30O7,11586679.0
C21H42O5S,2337937.0
C17H13O11N,3710363.0
C18H17O10N,6759847.5
C26H17O2NS,1632427.9
C15H21O12N,3671470.8
C19H21O9N,5356980.0
C16H25O11N,3679675.3
C20H25O8N,3471808.5
C17H29O10N,1877959.9
C17H12O12,15466221.0
C18H16O11,48987896.0
C19H20O10,59178756.0
C20H24O9,58261268.0
C21H28O8,30539550.0
C22H32O7,8036139.5
C17H15O11N,4922446.5
C14H19O13N,2430550.0
C18H19O10N,6805595.0
C18H23O4N3S2,1711263.3
C15H23O12N,2863202.5
C19H23O9N,5870695.5
C16H27O11N,2157678.8
C20H27O8N,1920628.0
C17H14O10S,3267481.5
C17H14O12,30368160.0
C18H18O11,58229164.0
C19H22O10,73892280.0
C20H26O9,53215684.0
C21H30O8,16302545.0
C16H13O12N,1752307.6
C17H17O11N,6615808.0
C27H13O2N3,1684743.1
C18H21O10N,6511372.5
C19H25O9N,4085529.0
C20H29O8N,1989925.4
C16H12O13,5725251.5
C20H12O10,5032008.5
C17H16O10S,3691593.8
C17H16O12,44188752.0
C21H16O9,4887637.0
C18H20O9S,2785366.0
C18H20O11,65258588.0
C22H20O8,3925089.5
C19H24O10,64423016.0
C20H28O7S,1791086.9
C20H28O9,27395190.0
C21H32O8,6071425.5
C16H15O12N,2925986.8
C20H15O9N,2096040.1
C17H19O11N,5616047.0
C18H23O10N,5098939.5
C19H27O9N,3514824.0
C19H10O11,4039402.5
C16H14O13,13817586.0
C20H14O10,8695543.0
C17H18O10S,3415799.8
C17H18O12,49088252.0
C21H18O9,8271619.0
C18H22O9S,3360516.3
C18H22O11,52954892.0
C22H22O8,5590799.5
C19H26O8S,1948432.6
C19H26O10,32294678.0
C23H26O7,3697436.0
C20H30O9,10319651.0
C21H34O8,1789999.5
C19H13O10N,2004040.9
C16H17O12N,4308048.0
C20H17O9N,2542165.3
C17H21O11N,6005852.5
C18H25O10N,5276776.5
C19H29O9N,2050677.1
C19H12O11,8186262.5
C16H16O11S,2848151.8
C16H16O13,19818910.0
C27H12O5,2216865.0
C20H16O10,12290467.0
C17H20O10S,3471780.0
C17H20O12,32639402.0
C21H20O9,11211183.0
C18H24O9S,2078128.4
C18H24O11,23706038.0
C22H24O8,8745404.0
C19H28O8S,2984380.8
C19H28O10,10242499.0
C23H28O7,5028296.0
C20H32O9,2778575.3
C15H15O13N,2005230.9
C19H15O10N,3216628.0
C16H19O12N,3584763.3
C20H19O9N,3078912.3
C17H23O11N,5357319.5
C21H23O8N,1629196.8
C18H27O10N,4989716.0
C18H10O12,3564596.5
C15H14O14,2028603.9
C19H14O11,14883905.0
C16H18O11S,2376258.0
C16H18O13,15105096.0
C20H18O10,18820174.0
C17H22O10S,2537550.3
C17H22O12,14384212.0
C21H22O9,16059481.0
C18H26O9S,2304090.5
C18H26O11,6655072.5
C22H26O8,13311078.0
C19H30O10,2289261.0
C23H30O7,6196338.0
C18H13O11N,2833297.3
C15H17O13N,1660312.3
C19H17O10N,3972509.5
C16H21O12N,3573156.5
C20H21O9N,2925481.8
C17H25O11N,3796400.8
C21H25O8N,1878454.0
C18H29O10N,3391933.3
C18H12O12,9422557.0
C15H16O14,1568228.3
C19H16O11,23936746.0
C16H20O11S,2061034.4
C16H20O13,5536496.5
C20H20O10,24268534.0
C17H24O12,3789052.8
C21H24O9,24686338.0
C22H28O8,16985870.0
C23H32O7,4424474.5
C18H15O11N,3606584.8
C15H19O13N,2085951.8
C19H19O10N,4954181.0
C16H23O12N,3139660.0
C20H23O9N,2694737.3
C17H27O11N,2928216.3
C18H14O12,20713860.0
C19H18O9S,1881994.1
C19H18O11,34566544.0
C20H22O10,38171036.0
C21H26O9,32969128.0
C22H30O8,15430069.0
C23H34O7,3116481.0
C20H38O7S,12362178.0
C17H13O12N,2055378.3
C18H17O11N,4954846.5
C15H21O13N,2816741.8
C19H21O10N,4632299.0
C16H25O12N,3108594.0
C20H25O9N,3464439.0
C17H12O13,6544412.5
C18H16O12,35107880.0
C19H20O11,48305204.0
C20H24O10,51729472.0
C21H28O9,31134798.0
C22H32O8,9438298.0
C18H36O7N2S,1896286.6
C17H15O12N,3516790.8
C18H19O11N,5889411.0
C15H23O13N,2530697.8
C19H23O10N,5665167.0
C20H27O9N,2807195.3
C17H14O13,16697024.0
C21H14O10,5115589.5
C18H18O10S,2838214.5
C18H18O12,48518860.0
C19H22O9S,2844370.5
C19H22O11,60331736.0
C20H26O10,47847140.0
C21H30O9,16230129.0
C22H34O8,3021565.3
C20H42O7S,2355466.5
C20H13O10N,2168338.3
C17H17O12N,4889625.5
C21H17O9N,1684510.5
C18H21O11N,6803493.5
C19H25O10N,4917298.0
C20H29O9N,2503230.0
C20H12O11,7922011.0
C17H16O11S,3626332.5
C17H16O13,28662114.0
C21H16O10,9472359.0
C18H20O10S,3591528.5
C18H20O12,54106480.0
C22H20O9,7872883.5
C19H24O9S,3349876.8
C19H24O11,48159100.0
C23H24O8,5511551.5
C20H28O8S,2328448.8
C20H28O10,25459078.0
C24H28O7,3381644.0
C21H32O9,6386067.0
C19H11O11N,1754535.5
C16H15O13N,1922222.6
C20H15O10N,2600115.8
C17H19O12N,4966075.0
C21H19O9N,2234047.8
C18H23O11N,6149831.0
C19H27O10N,4924115.0
C20H31O9N,1979103.3
C19H10O12,3271663.8
C16H14O14,6062071.0
C20H14O11,12946428.0
C17H18O11S,3373565.0
C17H18O13,31333380.0
C21H18O10,13634568.0
C18H22O10S,3908617.3
C18H22O12,37608464.0
C22H22O9,12207124.0
C19H26O9S,3365909.3
C19H26O11,20106268.0
C23H26O8,8274976.5
C20H30O8S,2129441.5
C20H30O10,8172583.5
C24H30O7,4249644.5
C21H34O9,1915443.5
C19H13O11N,2795847.8
C16H17O13N,2818382.8
C20H17O10N,3504467.8
C19H17O9N3,1731415.5
C17H21O12N,5214555.0
C21H21O9N,2542431.8
C18H25O11N,6067559.0
C19H29O10N,3253619.0
C19H12O12,9455247.0
C16H16O14,7757462.5
C20H16O11,21020316.0
C17H20O11S,3434140.5
C17H20O13,19193506.0
C21H20O10,21360296.0
C18H24O10S,3754664.5
C18H24O12,13942447.0
C22H24O9,18329268.0
C19H28O9S,2713268.8
C19H28O11,6149818.5
C23H28O8,12060352.0
C20H32O8S,1656000.8
C20H32O10,2117830.8
C24H32O7,5264076.0
C21H36O9,1629138.9
C19H15O11N,4672486.5
C16H19O13N,2977261.5
C20H19O10N,4482034.5
C28H19O2NS,1972214.8
C17H23O12N,5604345.5
C21H23O9N,2577406.8
C18H27O11N,5070853.5
C22H27O8N,1694730.8
C19H31O10N,1629969.8
C18H10O13,1586977.5
C19H14O12,21307694.0
C16H18O12S,2081070.6
C16H18O14,5152052.5
C20H18O11,30925114.0
C17H22O11S,2583354.8
C17H22O13,6488384.5
C21H22O10,30040390.0
C18H26O10S,3049286.8
C18H26O12,4142412.8
C22H26O9,28574034.0
C19H30O9S,2141010.8
C23H30O8,15417694.0
C24H34O7,5281130.0
C18H13O12N,2630264.0
C19H17O11N,5560964.0
C16H21O13N,3396235.0
C20H21O10N,4249232.0
C17H25O12N,4218519.5
C21H25O9N,2884252.3
C18H29O11N,2747555.3
C18H12O13,7316414.5
C19H16O10S,2294724.8
C19H16O12,35316684.0
C16H20O14,2474961.5
C20H20O11,41485272.0
C17H24O11S,2639831.8
C21H24O10,45163492.0
C22H28O9,33661936.0
C23H32O8,13161467.0
C24H36O7,2644999.0
C18H15O12N,3445012.8
C15H19O14N,2024731.6
C19H19O11N,6673697.0
C18H19O10N3,2026276.5
C16H23O13N,2950439.8
C20H23O10N,5464365.0
C17H27O12N,2664755.8
C21H27O9N,3069240.8
C22H31O8N,1861956.9
C18H14O11S,2352724.8
C18H14O13,16971354.0
C19H18O10S,2178144.8
C19H18O12,41600616.0
C20H22O11,51439220.0
C21H26O10,46638720.0
C22H30O9,25650826.0
C23H34O8,5853847.0
C18H17O12N,4323248.5
C15H21O14N,2294199.3
C19H21O11N,6047676.5
C16H25O13N,2146755.3
C20H25O10N,4525000.5
C21H29O9N,2670548.5
C17H12O14,2628842.0
C21H12O11,2982639.0
C18H16O11S,2811120.0
C18H16O13,27338998.0
C19H20O10S,2617084.0
C19H20O12,48212224.0
C20H24O11,52816144.0
C28H24O3S,4100370.3
C21H28O10,31795482.0
C22H32O9,11639078.0
C18H36O8N2S,3008298.8
C23H36O8,1899826.3
C21H44O7S,2926399.3
C17H15O13N,2615871.0
C21H15O10N,2059332.3
C18H19O12N,4355659.0
C15H23O14N,1765202.3
C19H23O11N,5698135.0
C20H27O10N,4199011.0
C20H10O12,2305917.5
C17H14O14,6484868.5
C21H14O11,6914953.5
C18H18O11S,3189642.5
C18H18O13,33049488.0
C22H18O10,7271317.5
C19H22O10S,3001238.5
C19H22O12,43395996.0
C23H22O9,5369761.5
C20H26O9S,2177442.5
C20H26O11,32598952.0
C24H26O8,4104109.5
C21H30O10,13650868.0
C25H30O7,1895865.5
C22H34O9,3620800.5
C20H42O8S,2778061.8
C20H13O11N,2113746.3
C17H17O13N,2904793.3
C21H17O10N,2343134.3
C18H21O12N,4701413.0
C19H25O11N,5083377.0
C20H29O10N,3543293.3
C21H33O9N,1615625.3
C20H12O12,6558231.0
C17H16O14,11208222.0
C21H16O11,10298915.0
C18H20O11S,2844708.0
C18H20O13,28036650.0
C22H20O10,10602031.0
C19H24O10S,2388528.3
C19H24O12,24481334.0
C23H24O9,8128059.0
C20H28O9S,2641468.3
C20H28O11,13807170.0
C24H28O8,5473863.0
C21H32O10,4657742.0
C25H32O7,2064467.1
C16H15O14N,1730662.5
C20H15O11N,2581867.5
C17H19O13N,2443634.5
C21H19O10N,2901367.5
C18H23O12N,4575102.5
C22H23O9N,1777795.5
C19H27O11N,3989386.5
C20H31O10N,1913750.5
C19H10O13,1737892.1
C20H14O12,9316528.0
C17H18O14,9257143.0
C21H18O11,13373628.0
C18H22O13,12718275.0
C22H22O10,12568776.0
C19H26O12,5992655.0
C23H26O9,10016980.0
C20H30O11,3557595.0
C24H30O8,7227616.0
C25H34O7,2946796.3
C20H17O11N,3203588.3
C17H21O13N,2924555.3
C21H21O10N,2165776.3
C18H25O12N,3611159.3
C22H25O9N,1876508.3
C19H29O11N,2961955.3
C19H12O13,5171004.5
C27H12O7,2372422.8
C20H16O12,18572104.0
C17H20O14,5567311.5
C21H20O11,21517140.0
C18H24O11S,2271061.5
C18H24O13,4728667.5
C22H24O10,20206432.0
C19H28O12,1656167.6
C23H28O9,17671020.0
C24H32O8,8319864.5
C19H15O12N,2949264.5
C16H19O14N,1632663.4
C20H19O11N,3912860.5
C17H23O13N,3373731.5
C21H23O10N,2728104.5
C18H27O12N,2658991.5
C22H27O9N,2461876.5
C19H31O11N,1674427.5
C19H14O13,12295636.0
C20H18O10S,1992154.4
C20H18O12,25376224.0
C17H22O14,2169319.3
C21H22O11,28046828.0
C22H26O10,27727352.0
C23H30O9,17950212.0
C24H34O8,6166032.0
C25H38O7,1621020.1
C19H17O12N,3822375.5
C16H21O14N,1991982.5
C20H21O11N,3816243.5
C17H25O13N,2355514.5
C21H25O10N,2487615.5
C18H29O12N,1819974.4
C22H29O9N,2641227.5
C18H12O14,2683999.0
C30H12O3S,1892712.0
C19H16O13,22358122.0
C20H20O12,33863800.0
C21H24O11,36878468.0
C22H28O10,31733902.0
C23H32O9,12109979.0
C24H36O8,3893414.5
C18H15O13N,2235313.3
C19H19O12N,4831677.5
C20H23O11N,4355529.5
C21H27O10N,3207637.3
C18H14O14,8184564.0
C22H14O11,4009720.8
C19H18O11S,2300154.0
C19H18O13,30939904.0
C20H22O10S,2049541.8
C20H22O12,41057036.0
C21H26O11,38173464.0
C22H30O10,21719844.0
C23H34O9,6306607.5
C18H17O13N,3243077.3
C19H21O12N,5352529.0
C20H25O11N,4513885.0
C21H29O10N,3446889.0
C21H12O12,4348288.0
C18H16O14,14466439.0
C22H16O11,8156556.0
C19H20O11S,2770828.8
C19H20O13,36076948.0
C23H20O10,7379351.5
C20H24O10S,2883992.8
C20H24O12,37076384.0
C31H20O4,2886561.5
C24H24O9,4470179.5
C21H28O11,25288106.0
C32H24O3,2683821.5
C25H28O8,3140015.3
C22H32O10,9369014.0
C18H36O9N2S,1853371.1
C23H36O9,1986498.1
C21H15O11N,1871568.3
C18H19O13N,3358423.3
C22H19O10N,1734876.0
C19H23O12N,4094691.0
C23H23O9N,1620456.0
C20H27O11N,5054191.0
C21H31O10N,2925818.8
C20H10O13,2062852.6
C17H14O15,2596875.5
C21H14O12,10254353.0
C18H18O12S,2372113.5
C18H18O14,20103192.0
C22H18O11,12458012.0
C19H22O11S,3053597.3
C19H22O13,28000292.0
C30H18O5,3308582.3
C23H22O10,10457128.0
C20H26O10S,3013673.3
C20H26O12,22573102.0
C24H26O9,7557172.0
C21H30O11,10108987.0
C25H30O8,5205056.0
C22H34O10,3073094.8
C26H34O7,2005067.6
C20H13O12N,2189139.8
C17H17O14N,1961818.5
C21H17O11N,2752351.5
C18H21O13N,3761510.5
C22H21O10N,1609579.3
C19H25O12N,5427570.0
C23H25O9N,1818487.1
C20H29O11N,4084094.0
C20H12O13,5225106.5
C17H16O15,4471449.5
C21H16O12,16147102.0
C18H20O12S,2192031.3
C18H20O14,15295141.0
C29H16O6,3099304.3
C22H20O11,17519274.0
C19H24O13,15418033.0
C23H24O10,15643318.0
C20H28O10S,2726070.8
C20H28O12,8956605.0
C24H28O9,11387586.0
C21H32O11,3052232.5
C25H32O8,6468301.5
C26H36O7,2138841.0
C20H15O12N,3112928.0
C17H19O14N,2793446.8
C21H19O11N,4149227.8
C18H23O13N,3918834.5
C22H23O10N,2638327.5
C21H23O9N3,2271739.0
C19H27O12N,4397054.0
C20H31O11N,3121162.0
C20H14O13,12703005.0
C17H18O15,4508964.0
C21H18O12,25740584.0
C18H22O14,7669039.5
C29H18O6,4526386.5
C22H22O11,24880436.0
C19H26O13,4843835.5
C30H22O5,5159230.5
C23H26O10,22164800.0
C20H30O12,2325319.0
C24H30O9,16491852.0
C25H34O8,7345495.5
C19H13O13N,2111069.0
C20H17O12N,4333161.0
C17H21O14N,2118767.5
C21H21O11N,4878964.5
C18H25O13N,4011643.3
C22H25O10N,3060352.3
C19H29O12N,3100295.0
C23H29O9N,2169739.8
C20H33O11N,1605778.5
C19H12O14,4013976.5
C20H16O11S,1635742.4
C20H16O13,24029092.0
C17H20O15,2489771.0
C21H20O12,32966576.0
C18H24O14,2091446.5
C22H24O11,33376188.0
C30H24O5,3511749.3
C23H28O10,28477384.0
C24H32O9,17127378.0
C25H36O8,5142494.5
C19H15O13N,3206370.3
C20H19O12N,4200686.0
C17H23O14N,2383604.5
C21H23O11N,4499705.5
C18H27O13N,2358016.3
C22H27O10N,2834693.0
C19H31O12N,1914123.8
C19H14O14,9187868.0
C20H18O13,31935016.0
C21H22O10S,1957933.1
C21H22O12,37866036.0
C22H26O11,37923392.0
C23H30O10,25561674.0
C24H34O9,9828949.0
C25H38O8,2504801.0
C19H17O13N,3370851.0
C20H21O12N,4976494.5
C17H25O14N,2817909.5
C21H25O11N,4104058.3
C22H29O10N,3194757.8
C22H12O12,2476691.8
C19H16O12S,1811348.8
C19H16O14,15985818.0
C20H20O11S,2764960.3
C20H20O13,33909924.0
C21H24O10S,2532011.8
C21H24O12,39087280.0
C22H28O11,31042748.0
C26H28O8,1837121.5
C23H32O10,14834888.0
C24H36O9,5208276.0
C22H15O11N,1710040.8
C19H19O13N,3940831.5
C16H23O15N,1821670.1
C20H23O12N,4322795.0
C21H27O11N,4185590.3
C22H31O10N,3213825.8
C23H35O9N,1628173.3
C18H14O15,3145481.0
C22H14O12,5901069.5
C19H18O12S,2277646.8
C19H18O14,21040916.0
C23H18O11,7221017.0
C20H22O11S,2299674.0
C20H22O13,30371616.0
C24H22O10,4931364.5
C21H26O12,27823916.0
C25H26O9,3665711.8
C22H30O11,17063734.0
C33H26O3,2819897.5
C26H30O8,2590011.3
C23H34O10,6274882.0
C22H46O8S,1825625.8
C18H17O14N,1819467.4
C22H17O11N,2093136.1
C19H21O13N,3243094.8
C23H21O10N,1903195.4
C20H25O12N,3970146.0
C21H29O11N,3956845.5
C22H33O10N,2231928.8
C21H12O13,3677559.0
C18H16O13S,1621368.1
C18H16O15,6259069.5
C22H16O12,10420610.0
C19H20O12S,2966403.5
C19H20O14,20054410.0
C23H20O11,9167246.0
C20H24O11S,2362254.8
C20H24O13,21123476.0
C31H20O5,2422679.3
C24H24O10,7825817.0
C21H28O12,13787552.0
C32H24O4,3659170.5
C25H28O9,6656420.5
C22H32O11,6633899.0
C26H32O8,3748271.5
C21H15O12N,2103990.8
C18H19O14N,2009789.4
C22H19O11N,2170050.0
C19H23O13N,3133128.8
C20H27O12N,4257492.0
C21H31O11N,3012831.0
C21H14O13,7822310.5
C18H18O15,7064557.0
C22H18O12,13124594.0
C19H22O14,13370360.0
C23H22O11,12489725.0
C20H26O13,9227267.0
C24H26O10,10314760.0
C21H30O12,5017614.5
C25H30O9,7236627.0
C22H34O11,1985049.6
C26H34O8,4070430.3
C27H38O7,2014761.5
C21H17O12N,3080483.0
C18H21O14N,2333993.5
C22H21O11N,1961262.3
C19H25O13N,3921204.8
C20H29O12N,2924351.8
C21H33O11N,1664075.0
C20H12O14,2313284.5
C28H12O6S,2903624.5
C21H16O13,13727312.0
C18H20O15,4920918.0
C22H20O12,18429530.0
C19H24O14,5732961.0
C23H24O11,15418982.0
C20H28O13,2368108.3
C24H28O10,14169713.0
C21H32O12,1862263.4
C25H32O9,9236092.0
C26H36O8,4032135.0
C27H40O7,1700498.1
C20H15O13N,2299262.0
C21H19O12N,3121033.0
C18H23O14N,2675087.5
C22H23O11N,2839956.3
C19H27O13N,2025882.5
C23H27O10N,2131871.3
C20H31O12N,1812389.6
C20H14O14,7051431.5
C20H18O10N2S,1862320.4
C21H18O13,18196658.0
C31H14O4N2,1862072.6
C29H18O7,1980091.8
C22H22O12,20895934.0
C30H22O6,2117318.8
C23H26O11,19613896.0
C24H30O10,15427795.0
C25H34O9,7813342.5
C26H38O8,2140393.3
C20H17O13N,2601949.5
C21H21O12N,3309032.5
C18H25O14N,1847790.8
C22H25O11N,2492915.5
C19H29O13N,1785593.8
C20H16O14,10994436.0
C21H20O11S,1808649.3
C21H20O13,20843278.0
C22H24O10S,1870356.1
C22H24O12,22747930.0
C23H28O11,22657828.0
C24H32O10,13871919.0
C25H36O9,5114682.0
C20H19O13N,2912310.0
C21H23O12N,3059776.8
C22H27O11N,2936395.5
C23H31O10N,2166870.5
C19H14O15,3505485.8
C23H14O12,3342674.3
C20H18O12S,2128723.3
C20H18O14,16338265.0
C21H22O11S,2121566.0
C21H22O13,23272804.0
C22H26O12,24124782.0
C23H30O11,17341816.0
C24H34O10,7861635.5
C25H38O9,2136974.0
C19H17O14N,1965692.5
C20H21O13N,3277447.3
C17H25O15N,1753485.4
C21H25O12N,3368593.8
C22H29O11N,3339420.5
C23H33O10N,1668263.1
C22H12O13,1992597.3
C19H16O15,6719387.5
C23H16O12,5565343.5
C20H20O12S,2570144.8
C20H20O14,19967910.0
C24H20O11,5488554.5
C21H24O13,22519728.0
C25H24O10,3989428.8
C22H28O12,19804092.0
C26H28O9,2953151.3
C23H32O11,10096582.0
C27H32O8,2065866.0
C24H36O10,3547088.3
C23H48O8S,1743334.4
C22H15O12N,1820351.9
C19H19O14N,1789638.0
C23H19O11N,2051786.3
C20H23O13N,3001552.5
C21H27O12N,3351770.8
C22H31O11N,2233573.5
C22H14O13,5244378.5
C19H18O15,10258913.0
C23H18O12,8223205.0
C20H22O14,18321900.0
C24H22O11,7324143.5
C21H26O13,15978998.0
C32H22O5,2937336.5
C25H26O10,5578234.0
C22H30O12,9970176.0
C26H30O9,4977156.5
C23H34O11,4355594.5
C27H34O8,2736654.8
C22H17O12N,2199809.3
C19H21O14N,2800903.3
C23H21O11N,2437387.5
C20H25O13N,2818833.5
C21H29O12N,3326747.8
C22H33O11N,2992934.3
C21H12O14,2796045.5
C18H16O16,1987603.5
C22H16O13,11197464.0
C19H20O15,9755678.0
C23H20O12,12391458.0
C20H24O14,11813928.0
C31H20O6,2638378.8
C24H24O11,10624044.0
C21H28O13,7681074.5
C25H28O10,9008183.0
C22H32O12,3590204.5
C26H32O9,7152705.0
C23H36O11,1816646.8
C27H36O8,3772491.3
C21H15O13N,2349359.8
C18H19O15N,1888565.5
C22H19O12N,3208505.8
C19H23O14N,2505023.8
C23H23O11N,2359108.0
C20H27O13N,3838281.8
C24H27O10N,2169166.3
C21H31O12N,3410260.0
C21H14O14,7265858.0
C18H18O16,2210632.0
C22H18O13,16451148.0
C19H22O15,6114898.0
C23H22O12,17978966.0
C20H26O14,4958812.0
C24H26O11,14857824.0
C21H30O13,3143270.3
C32H26O5,2899561.0
C25H30O10,13887082.0
C22H34O12,1652848.4
C33H30O4,1636723.0
C26H34O9,7835252.5
C27H38O8,3188350.8
C21H17O13N,2893151.5
C22H21O12N,3247977.5
C19H25O14N,2482543.3
C23H25O11N,2550131.5
C20H29O13N,2505593.3
C24H29O10N,1657469.5
C21H16O14,13580397.0
C22H20O13,23087224.0
C32H16O4N2,2792061.0
C22H24O9N2S,2193535.3
C23H24O12,21485698.0
C24H28O11,20203660.0
C25H32O10,15136917.0
C26H36O9,7753887.0
C27H40O8,2923689.0
C20H15O14N,1811580.0
C21H19O13N,4000133.8
C18H23O15N,2906507.5
C22H23O12N,3252623.8
C19H27O14N,1940885.3
C23H27O11N,2673561.5
C24H31O10N,1954979.4
C20H14O15,4077189.3
C32H14O4S,1826700.6
C21H18O14,20753038.0
C22H22O13,25873048.0
C23H26O12,26438306.0
C24H30O11,23374508.0
C25H34O10,12880566.0
C26H38O9,4531903.5
C20H17O14N,2422168.8
C21H21O13N,3978146.3
C18H25O15N,1845672.0
C22H25O12N,4017068.0
C19H29O14N,1803185.6
C23H29O11N,3293109.8
C20H16O15,8391837.0
C24H16O12,4636321.0
C21H20O14,24980646.0
C22H24O11S,2654379.5
C22H24O13,28445872.0
C23H28O12,27528378.0
C24H32O11,16547011.0
C25H36O10,7451853.0
C26H40O9,1989846.4
C20H19O14N,3204523.3
C21H23O13N,3405748.8
C18H27O15N,1839546.3
C22H27O12N,3716542.3
C23H31O11N,2853831.5
C24H35O10N,1654225.0
C23H14O13,5050021.0
C20H18O15,13479594.0
C24H18O12,6510254.0
C21H22O14,25259700.0
C25H22O11,6132407.5
C22H26O13,25751230.0
C33H22O5,1723071.5
C26H26O10,4387521.0
C23H30O12,18575046.0
C34H26O4,2404553.0
C27H30O9,2855114.5
C24H34O11,9995984.0
C25H38O10,2739929.3
C23H17O12N,1642925.6
C20H21O14N,2853299.0
C21H25O13N,4087740.3
C22H29O12N,2919365.8
C23H33O11N,3100623.0
C22H12O14,2480798.3
C23H16O13,8472744.0
C20H20O15,14196909.0
C24H20O12,8210608.5
C21H24O14,18202806.0
C25H24O11,8259770.0
C22H28O13,15859903.0
C33H24O5,2665665.8
C26H28O10,6344899.0
C23H32O12,9121992.0
C27H32O9,3635404.3
C24H36O11,3308753.5
C28H36O8,2290389.5
C23H19O12N,2298282.5
C20H23O14N,2166192.0
C24H23O11N,1741235.8
C21H27O13N,3637689.0
C22H31O12N,3331522.0
C23H35O11N,2438091.3
C22H14O14,5993110.0
C19H18O16,3841691.3
C23H18O13,12128927.0
C20H22O15,10996388.0
C24H22O12,11887272.0
C21H26O14,9675437.0
C32H22O6,3487407.5
C25H26O11,10648241.0
C22H30O13,6562486.0
C33H26O5,3179192.5
C26H30O10,9327290.0
C23H34O12,3051199.3
C27H34O9,5293763.0
C28H38O8,2666187.8
C22H17O13N,1859987.1
C19H21O15N,1782168.4
C23H21O12N,3398556.0
C20H25O14N,2401697.3
C24H25O11N,2533797.0
C21H29O13N,3040170.0
C26H33O5NS2,1939374.0
C22H33O12N,2047923.0
C22H16O14,10138754.0
C19H20O16,3604615.0
C23H20O13,15393931.0
C20H24O15,4953231.5
C24H24O12,15402131.0
C21H28O14,3848344.5
C25H28O11,13124764.0
C22H32O13,2129569.3
C33H28O5,2530979.5
C26H32O10,10355877.0
C27H36O9,7031981.5
C28H40O8,3198134.3
C22H19O13N,3177336.8
C23H23O12N,2940289.5
C20H27O14N,2294662.5
C24H27O11N,2427786.3
C21H31O13N,2078607.1
C21H14O15,4055640.8
C29H14O7S,2461275.8
C22H18O14,14915169.0
C32H14O5N2,2157670.3
C31H22O3S2,1765224.6
C23H22O13,17909354.0
C20H26O15,2286190.8
C31H22O7,1998832.9
C24H26O12,16987762.0
C25H30O11,15427195.0
C26H34O10,11896451.0
C27H38O9,5311116.0
C21H17O14N,1758025.3
C22H21O13N,2769745.8
C23H25O12N,2652506.3
C20H29O14N,1939295.1
C24H29O11N,2648930.5
C21H33O13N,1630055.4
C21H16O15,7481387.5
C22H20O14,19736628.0
C23H24O13,19867708.0
C24H28O12,18995268.0
C25H32O11,14620749.0
C26H36O10,8454229.0
C27H40O9,3041373.3
C21H19O14N,2276629.3
C22H23O13N,2810653.5
C23H27O12N,2850597.5
C24H31O11N,2268205.8
C24H14O13,1915884.1
C21H18O15,11508209.0
C22H22O14,18758136.0
C23H26O13,19769856.0
C24H30O12,17664520.0
C25H34O11,11430417.0
C26H38O10,4181529.0
C21H21O14N,2890451.3
C22H25O13N,3019483.3
C23H29O12N,2586339.3
C20H16O16,3656608.3
C24H16O13,4755363.5
C21H20O15,13593512.0
C25H20O12,4791211.5
C22H24O14,17685424.0
C26H24O11,3662771.0
C23H28O13,15051704.0
C27H28O10,2709434.8
C24H32O12,10613695.0
C28H32O9,1738178.6
C25H36O11,5673927.0
C23H15O13N,1631351.1
C20H19O15N,1738107.5
C21H23O14N,2133123.3
C22H27O13N,2863242.8
C23H31O12N,3027090.5
C23H14O14,3451204.8
C20H18O16,4819273.0
C24H18O13,6016332.0
C21H22O15,11021649.0
C25H22O12,6223187.5
C22H26O14,11812184.0
C26H26O11,5434715.0
C23H30O13,9301344.0
C27H30O10,3789154.8
C24H34O12,5134695.0
C28H34O9,3154282.3
C25H38O11,2001262.6
C29H38O8,1641329.8
C24H21O12N,1932831.8
C21H25O14N,2213412.0
C25H25O11N,2006567.0
C22H29O13N,2509867.3
C23H33O12N,2035250.8
C23H16O14,6225630.5
C20H20O16,5848802.5
C24H20O13,8771302.0
C21H24O15,7667434.0
C25H24O12,7309037.0
C22H28O14,6520561.0
C33H24O6,1674483.0
C26H28O11,6960884.0
C23H32O13,4119288.5
C27H32O10,5133051.5
C28H36O9,3225346.5
C21H27O14N,1782197.3
C22H31O13N,2441660.5
C23H35O12N,1785795.5
C22H14O15,2550881.5
C30H14O7S,2540131.8
C23H18O14,10412136.0
C20H22O16,3720300.5
C24H22O13,11792495.0
C21H26O15,3746931.5
C25H26O12,10631286.0
C22H30O14,2110586.3
C26H30O11,8812669.0
C27H34O10,7311492.0
C28H38O9,3964043.3
C23H21O13N,2463019.8
C22H33O13N,2028861.3
C22H16O15,5652955.5
C30H16O7S,2936285.8
C23H20O14,11907554.0
C20H24O16,1705445.9
C24H24O13,12997097.0
C25H28O12,11956719.0
C26H32O11,9705974.0
C27H36O10,6334972.5
C28H40O9,3330563.3
C22H19O14N,1990806.1
C23H23O13N,2026652.8
C20H27O15N,1883296.6
C24H27O12N,2178723.3
C22H18O15,9827140.0
C30H18O7S,3205446.5
C23H22O14,13960011.0
C24H26O13,13968209.0
C25H30O12,14222167.0
C26H34O11,10085214.0
C27H38O10,5749604.0
C22H21O14N,2361334.3
C23H25O13N,2347516.5
C24H29O12N,2202114.8
C21H16O16,3440789.8
C25H16O13,3360920.3
C22H20O15,12383388.0
C23H24O14,15639714.0
C24H28O13,14570664.0
C25H32O12,12354734.0
C26H36O11,7775412.0
C27H40O10,2927802.0
C21H19O15N,1772350.8
C22H23O14N,2441028.5
C23H27O13N,2726730.5
C25H35O7NS2,1714000.4
C25H35O11N,1627478.1
C24H14O14,2714584.0
C21H18O16,6514139.5
C25H18O13,4799966.0
C22H22O15,14697953.0
C26H22O12,4339171.5
C23H26O14,15373799.0
C27H26O11,3772393.3
C24H30O13,12838381.0
C28H30O10,2093039.0
C25H34O12,10276338.0
C26H38O11,3954168.0
C21H21O15N,1881723.0
C25H21O12N,1841789.4
C22H25O14N,2135680.5
C23H29O13N,2016390.0
C24H33O12N,2336395.5
C25H37O11N,2067089.1
C24H16O14,5069579.5
C21H20O16,8816398.0
C25H20O13,7290641.0
C22H24O15,14575380.0
C26H24O12,6698774.0
C23H28O14,11511577.0
C27H28O11,4819739.5
C24H32O13,9101087.0
C28H32O10,3205920.8
C25H36O12,4228900.0
C36H32O4,1879333.3
C29H36O9,2064166.1
C26H40O11,1676073.3
C24H19O13N,1664417.3
C21H23O15N,1867684.3
C23H31O9NS2,2120105.5
C23H31O13N,2703278.8
C24H35O12N,1886643.8
C23H14O15,3107366.5
C20H18O17,2510889.3
C24H18O14,8548395.0
C21H22O16,8263726.5
C25H22O13,10244144.0
C22H26O15,9318451.0
C26H26O12,8435765.0
C23H30O14,7319608.5
C34H26O6,2049593.6
C27H30O11,6727738.5
C24H34O13,3997757.3
C35H30O5,1700414.6
C28H34O10,6002751.5
C25H38O12,1931330.4
C29H38O9,2634820.5
C23H17O14N,2173106.5
C24H21O13N,2668727.3
C21H25O15N,2123450.0
C25H25O12N,1936060.0
C22H29O14N,2605246.8
C23H33O13N,2388163.8
C24H37O12N,1730760.5
C23H16O15,6922547.0
C34H16ON2S2,2888501.8
C24H20O14,13551928.0
C21H24O16,5023034.5
C25H24O13,12998972.0
C22H28O15,4223295.0
C26H28O12,12147009.0
C23H32O14,2608451.5
C27H32O11,9175366.0
C27H36O7N2S,1869385.5
C28H36O10,7016778.0
C29H40O9,3424591.0
C23H19O14N,2285492.8
C24H23O13N,2362297.3
C21H27O15N,2442171.8
C22H31O14N,2131392.3
C22H14O16,1634855.0
C30H14O8S,2148392.5
C23H18O15,10162731.0
C24H22O14,14883376.0
C21H26O16,2085938.0
C25H26O13,14764596.0
C26H30O12,12491320.0
C27H34O11,11248188.0
C28H38O10,7064128.5
C29H42O9,2654789.0
C23H21O14N,2220706.3
C24H25O13N,1671846.3
C21H29O15N,1625768.8
C22H33O14N,1938092.8
C22H16O16,4108042.8
C30H16O8S,2104588.0
C23H20O15,12864271.0
C24H24O14,15006482.0
C25H28O13,13572886.0
C26H32O12,12630810.0
C27H36O11,9046814.0
C28H40O10,4634402.0
C22H19O15N,2048886.9
C23H23O14N,2587514.5
C24H27O13N,2081150.4
C25H31O12N,1728386.0
C22H18O16,6403033.0
C26H18O13,2643418.3
C23H22O15,12905436.0
C24H26O14,14162912.0
C25H30O13,13020131.0
C26H34O12,9896935.0
C27H38O11,5560298.5
C23H25O14N,2071101.1
C24H29O13N,1908288.5
C25H33O12N,2293827.8
C26H37O11N,1737799.0
C21H16O17,1660045.8
C25H16O14,3318927.3
C22H20O16,7365777.0
C26H20O13,4313234.5
C23H24O15,11984020.0
C27H24O12,3021973.3
C24H28O14,11299991.0
C28H28O11,2191000.5
C25H32O13,9190554.0
C26H36O12,6057117.5
C27H40O11,3113120.5
C23H27O14N,2023657.4
C24H31O13N,1665260.3
C25H35O12N,2098415.3
C24H14O15,2329390.0
C21H18O17,2274607.8
C25H18O14,4798769.0
C22H22O16,7546162.5
C26H22O13,5288243.5
C23H26O15,10222901.0
C27H26O12,4003126.3
C24H30O14,7759160.0
C28H30O11,2766649.0
C25H34O13,6098234.5
C29H34O10,2326843.8
C26H38O12,3148093.3
C23H29O14N,2258302.5
C24H33O13N,2248065.0
C25H37O12N,2025859.5
C24H16O15,3811769.0
C21H20O17,2706874.3
C25H20O14,6632891.5
C22H24O16,6675900.5
C26H24O13,6684093.5
C23H28O15,5233087.0
C27H28O12,5157312.0
C24H32O14,3440065.3
C28H32O11,4092354.0
C25H36O13,2329539.5
C29H36O10,3676612.3
C24H19O14N,1655798.9
C23H31O14N,1934844.3
C24H35O13N,1741310.3
C31H14O8S,2152234.8
C24H18O15,6243884.0
C21H22O17,2954797.3
C25H22O14,9242158.0
C22H26O16,3744303.0
C26H26O13,9037360.0
C23H30O15,2144816.8
C27H30O12,6700593.5
C24H34O14,1929266.8
C28H34O11,5764659.5
C29H38O10,4252213.5
C25H25O13N,1661535.3
C22H29O15N,1925216.1
C23H33O14N,2082401.8
C23H16O16,3472005.5
C24H20O15,9182855.0
C35H20ON2S2,1828999.6
C25H24O14,10325640.0
C26H28O13,9717386.0
C27H32O12,8828555.0
C28H36O11,7085708.5
C29H40O10,3692173.8
C23H19O15N,2256042.5
C24H23O14N,1955499.6
C23H18O16,5060295.5
C24H22O15,10225353.0
C25H26O14,9596618.0
C26H30O13,10780362.0
C27H34O12,8421067.0
C35H34O4S,1691339.8
C28H38O11,6020812.5
C29H42O10,2682573.3
C24H25O14N,1635040.4
C27H20O9S2,2145776.0
C23H20O16,6690544.5
C24H24O15,10524401.0
C25H28O14,10526449.0
C33H28O6S,2734833.5
C26H32O13,8265458.0
C27H36O12,7241458.5
C28H40O11,3511026.8
C29H44O10,1754867.3
C25H31O13N,1586939.6
C22H18O17,1938175.0
C26H18O14,2105087.0
C23H22O16,7089919.0
C27H22O13,3076863.0
C24H26O15,9019135.0
C29H30O7S2,1840639.0
C25H30O14,6782719.0
C29H30O11,1716479.0
C26H34O13,6493951.0
C27H38O12,3754751.0
C24H29O14N,1930236.1
C25H33O13N,1963260.0
C26H37O12N,1598971.8
C25H16O15,2435316.5
C22H20O17,3085044.3
C26H20O14,3640052.0
C23H24O16,6641395.5
C27H24O13,3338995.5
C24H28O15,6608627.5
C35H24O7,1682675.3
C28H28O12,3483379.0
C25H32O14,5760755.0
C29H32O11,2255602.8
C26H36O13,3496690.5
C37H32O5,1583602.3
C27H40O12,1652978.0
C24H31O14N,2284771.8
C25H18O15,3911377.5
C22H22O17,3015377.0
C26H22O14,5428944.5
C23H26O16,4980432.0
C27H26O13,5381839.5
C24H30O15,3538639.3
C28H30O12,3909326.8
C25H34O14,3270350.3
C29H34O11,3012302.0
C26H38O13,1732813.5
C30H38O10,1702093.1
C36H17O6N,1619510.4
C25H20O15,5393048.0
C22H24O17,2037399.0
C26H24O14,6694550.5
C23H28O16,2612885.8
C27H28O13,4648597.5
C36H32O2S2,1795732.3
C28H32O12,4435604.0
C29H36O11,3950226.8
C30H40O10,2193553.5
C35H64O3N2,1758857.4
C25H23O14N,2032242.0
C30H31O6N3S,1711214.9
C24H18O16,3475018.8
C25H22O15,6741577.0
C26H26O14,6856263.5
C27H30O13,6999622.0
C28H34O12,5967428.5
C29H38O11,4445762.5
C30H42O10,2086977.1
C24H21O15N,1699867.3
C38H17O3N3,1676825.4
C26H29O13N,1756439.6
C24H20O16,6645225.5
C25H24O15,9082343.0
C26H28O14,9786853.0
C27H32O13,8220131.5
C28H36O12,6360545.5
C29H40O11,3873247.5
C30H44O10,1865693.6
C24H23O15N,1659312.5
C25H27O14N,1785262.4
C23H18O17,3276152.5
C24H22O16,8195446.0
C28H22O13,2283381.3
C25H26O15,9035124.0
C26H30O14,8265074.0
C27H34O13,8217967.5
C28H38O12,6102381.5
C29H42O11,3211627.0
C25H29O14N,1621298.8
C26H16O15,1706743.4
C23H20O17,3648758.0
C27H20O14,3209460.8
C24H24O16,8250611.5
C28H24O13,2898674.3
C25H28O15,9303281.0
C29H28O12,2118383.8
C26H32O14,7728366.5
C30H32O11,2003693.4
C27H36O13,6864108.0
C28H40O12,3713257.5
C23H23O16N,1701037.5
C27H39O12N,1947299.0
C26H18O15,3056742.8
C23H22O17,4861029.0
C27H22O14,4598884.0
C24H26O16,7289954.5
C28H26O13,4537441.5
C25H30O15,8191072.0
C29H30O12,2891870.8
C26H34O14,6409309.0
C30H34O11,2680924.0
C27H38O13,4442202.5
C28H42O12,1751895.6
C29H21O8N3S,1790487.3
C23H25O16N,1581590.4
C26H37O13N,1926669.9
C22H20O18,2327499.3
C26H20O15,5074890.0
C23H24O17,4704200.0
C40H16O3N2,6732743.0
C24H28O16,5985221.5
C28H28O13,4775876.0
C25H32O15,4710338.5
C29H32O12,4174785.0
C26H36O14,3286975.5
C30H36O11,2485694.3
C27H40O13,1795004.5
C24H31O15N,1736560.6
C38H27O3N3,1639277.6
C25H18O16,3701541.5
C33H18O8S,2015012.4
C26H22O15,7285538.5
C23H26O17,3127072.5
C27H26O14,6822687.0
C24H30O16,2862877.5
C28H30O13,6421276.0
C25H34O15,2693402.3
C29H34O12,5970713.0
C30H38O11,4036373.8
C23H46O12N2S,2050834.8
C24H33O15N,1547459.9
C26H41O9NS2,1604288.8
C25H20O16,5919349.0
C26H24O15,7936626.0
C27H28O14,8135278.5
C28H32O13,7477867.5
C29H36O12,5634664.0
C30H40O11,3079780.8
C26H27O14N,1648660.6
C24H18O17,1914304.9
C25H22O16,7496125.5
C26H26O15,8151482.0
C27H30O14,7041463.0
C28H34O13,7285171.5
C40H34O2S,1983408.8
C29H38O12,4956592.0
C30H42O11,2544044.5
C24H20O17,3446019.8
C25H24O16,7500032.5
C26H28O15,6623485.0
C27H32O14,6695161.5
C28H36O13,5482742.0
C40H36O2S,2106099.3
C29H40O12,4191474.5
C30H44O11,1728239.1
C23H18O18,1548870.5
C27H18O15,2658885.0
C24H22O17,4965443.0
C28H22O14,1939009.5
C25H26O16,6905919.5
C29H26O13,2894910.0
C26H30O15,6690876.0
C27H34O14,5543992.5
C28H38O13,4261941.0
C29H42O12,2569265.5
C27H37O13N,1773524.9
C26H16O16,1611141.6
C23H20O18,1986435.6
C27H20O15,3120002.0
C24H24O17,4468608.0
C28H24O14,3151742.5
C25H28O16,5861244.5
C29H28O13,2570619.0
C26H32O15,5280633.0
C30H32O12,1890679.5
C27H36O14,4771701.5
C28H40O13,2871154.0
C28H43O8NS2,1637137.5
C26H18O16,2824898.5
C23H22O18,1790656.3
C27H22O15,3374783.0
C24H26O17,3683004.8
C28H26O14,4176571.3
C25H30O16,3569337.3
C29H30O13,3666615.8
C26H34O15,2914997.8
C30H34O12,2470580.3
C27H38O14,2055346.3
C31H38O11,2144944.8
C24H29O16N,1660505.4
C26H20O16,4332032.5
C23H24O18,2400766.5
C27H24O15,4682237.0
C28H28O14,4754937.5
C29H32O13,4062710.0
C30H36O12,3159538.5
C31H40O11,2249199.0
C25H18O17,2101573.0
C26H22O16,4689217.5
C34H22O8S,1774400.4
C27H26O15,4496702.0
C28H30O14,5329211.0
C29H34O13,4373815.5
C30H38O12,3511604.0
C31H42O11,1836336.6
C25H20O17,3569802.8
C26H24O16,4682887.5
C27H28O15,6210692.0
C28H32O14,6118529.0
C29H36O13,5183613.5
C30H40O12,3396730.3
C31H44O11,1705591.0
C28H23O10N3S,1577517.0
C25H22O17,3379159.0
C26H26O16,4365268.0
C27H30O15,3721168.8
C28H34O14,2999245.5
C32H38O5N2S2,1717451.1
C29H24O10S2,1923373.3
C25H24O17,4294443.5
C26H28O16,4791080.5
C31H32O8S2,1647399.3
C27H32O15,4391717.5
C28H36O14,3088162.5
C29H40O13,2760479.5
C27H18O16,1603214.4
C24H22O18,1661068.8
C28H22O15,2536075.5
C25H26O17,3904138.0
C29H26O14,2163336.8
C26H30O16,3697287.3
C27H34O15,3694212.3
C28H38O14,2400897.5
C27H20O16,2330616.0
C28H24O15,2627061.5
C25H28O17,2993652.0
C29H28O14,2503155.0
C26H32O16,2420209.5
C30H32O13,2207216.3
C27H36O15,2206190.8
C31H36O12,1994221.9
C40H40O3S,1590250.4
C27H22O16,3421551.3
C28H26O15,2807149.0
C36H26O7S,1554796.0
C25H30O17,1895275.5
C29H30O14,2914666.5
C26H34O16,1680745.3
C30H34O13,2812264.3
C38H34O5S,2085223.4
C31H38O12,2003813.9
C26H20O17,2914551.5
C27H24O16,3997941.5
C28H28O15,4260083.5
C36H28O7S,1799922.6
C29H32O14,3516657.3
C30H36O13,2836719.3
C31H40O12,2266861.3
C32H44O11,1600235.1
C26H22O17,3888270.0
C27H26O16,4379788.5
C28H30O15,5111946.5
C29H34O14,2967689.0
C30H38O13,4101255.3
C26H24O17,3398711.3
C27H28O16,4338742.0
C28H32O15,4206644.5
C29H36O14,3628083.0
C30H40O13,2888753.5
C31H44O12,1523248.3
C39H18O2N2S2,2108916.0
C26H26O17,3847154.8
C27H30O16,4505586.0
C28H34O15,3611632.8
C29H38O14,3808239.8
C30H42O13,1808366.6
C28H20O16,1528257.1
C25H24O18,2728896.8
C29H24O15,2309056.3
C26H28O17,3675072.0
C30H28O14,2080703.5
C27H32O16,3979199.0
C28H36O15,3572670.3
C40H36O4S,2047933.8
C29H40O14,2068925.6
C28H22O16,2818461.8
C29H26O15,3321757.3
C26H30O17,2530205.0
C30H30O14,2903964.8
C27H34O16,2653084.5
C31H34O13,2358172.3
C39H34O5S,1989020.1
C28H38O15,1827228.1
C32H38O12,1683867.9
C27H20O17,2359177.8
C28H24O16,3111817.5
C25H28O18,1585545.3
C29H28O15,3828617.3
C26H32O17,1987977.0
C30H32O14,2779017.0
C38H32O6S,1706376.9
C31H36O13,1858440.8
C32H40O12,1795976.5
C40H40O4S,1800584.4
C27H22O17,2699138.5
C28H26O16,3203970.5
C29H30O15,3475330.5
C30H34O14,3209090.5
C30H38O8N2S2,1984386.6
C31H38O13,2700162.5
C27H24O17,3529608.0
C28H28O16,3397512.0
C29H32O15,3797896.3
C30H36O14,3411848.5
C31H40O13,1998728.8
C45H36ON2,1941897.0
C26H22O18,2497432.0
C27H26O17,3012504.3
C28H30O16,3367832.8
C29H34O15,2937753.0
C30H38O14,3348377.5
C26H24O18,2569138.0
C27H28O17,2770866.5
C28H32O16,3024819.0
C29H36O15,2720179.5
C30H40O14,2440116.3
C25H22O19,1849811.9
C26H26O18,2435028.5
C27H30O17,3179477.3
C31H30O14,1959893.5
C28H34O16,2024405.9
C29H38O15,2069462.6
C42H16O5N2,2134526.0
C30H28O15,1995774.8
C40H24O6N2,1988095.3
C28H36O16,2050048.0
C29H40O15,1920000.9
C29H26O16,2167341.8
C30H30O15,2429998.8
C31H34O14,1966127.6
C40H38O5S,1823280.9
C27H20O18,1535584.4
C28H24O17,2729057.5
C29H28O16,2467938.5
C30H32O15,2493539.3
C31H36O14,2880612.3
C46H36ON2,1519206.3
C27H22O18,2222232.5
C28H26O17,3127449.5
C29H30O16,3367066.5
C30H34O15,2685595.5
C44H30O3N2,1713820.5
C45H34O2N2,1542813.5
C27H24O18,2435794.8
C29H32O12S2,2372307.8
C29H32O16,2773204.8
C30H36O15,2895061.8
C31H40O14,2290391.0
C45H36O2N2,1730775.9
C27H26O18,2830605.8
C28H30O17,1911054.9
C30H38O11S2,2354192.0
C30H38O15,2177809.0
C31H42O14,1695506.1
C40H20O7N2,1892168.9
C31H28O15,1603913.3
C28H32O17,2087753.9
C29H36O16,2105675.0
C29H22O17,1658752.6
C30H26O16,1712513.6
C27H30O18,1801602.3
C28H34O17,1627523.3
C32H34O14,1515011.6
C29H24O17,1823159.3
C30H28O16,2130360.3
C44H24O4N2,1988537.1
C29H26O17,1645033.9
C30H30O16,2248682.8
C31H34O15,2166251.5
C29H28O17,2134039.3
C30H32O16,2056727.9
C31H36O15,2205208.8
C29H30O17,1976381.9
C30H34O16,2020926.5
C31H38O15,1753663.1
C32H42O14,1679935.8
C28H28O18,1937500.1
C29H32O17,2466396.8
C35H40O8S2,1678429.4
C31H40O15,1840221.6
C41H22O7N2,1869426.0
C32H30O15,1561714.1
C29H34O17,1635442.3
C30H38O16,1731186.6
C31H28O16,2045053.4
C42H28O2N2S2,1608317.4
C32H32O15,1657213.5
C29H36O17,2134653.5
C30H26O17,1812605.4
C31H30O16,2360445.3
C30H28O17,2278512.5
C27H32O19,1601136.4
C31H32O16,2247280.3
C32H36O15,1711471.9
C33H40O14,2012271.5
C34H44O13,1633903.1
C29H26O18,1932886.5
C30H30O17,1629781.9
C31H34O16,2468949.3
C32H38O15,2378324.8
C33H42O14,2623060.0
C34H46O13,1579603.4
C29H28O18,2583598.8
C31H36O16,2043949.0
C32H40O15,2564652.0
C33H44O14,1823275.3
C43H26O2N2S2,2520570.8
C30H34O17,2533369.8
C45H20ON2S2,1632445.9
C28H28O19,1877949.1
C30H36O17,2067386.8
C31H40O16,1527225.5
C32H44O15,1560504.3
C44H18O6N2,1675125.8
C32H30O16,1580404.4
C42H26O7N2,1534323.6
C30H38O17,2038130.1
C31H28O17,2164517.3
C33H36O11S2,1789987.8
C30H44O15N2,5001503.5
C30H26O18,1658063.5
C44H22O6N2,2424525.8
C32H34O16,1766092.1
C33H38O15,1653450.5
C32H36O16,1747822.8
C29H26O19,1625106.3
C30H30O18,2176016.5
C31H34O17,1715214.6
C32H38O16,2462220.8
C34H46O10S2,1604619.0
C29H28O19,1532333.3
C31H36O17,1607593.5
C32H40O16,1702823.6
C33H44O15,2023845.9
C42H22O8N2,1603398.1
C30H34O18,1767236.3
C31H38O17,1957186.4
C45H20O6N2,1507551.5
C45H22O6N2,1604728.1
C34H38O15,1761908.4
C35H42O14,1713778.5
C33H36O16,1529872.6
C30H26O19,1529267.3
C45H26O6N2,2179503.8
C33H38O16,1611694.0
C47H34O4N2,2189996.3
C44H24O7N2,2234195.3
C33H40O16,1704271.9
C31H34O18,1980666.3
C32H38O17,1561848.6
C31H36O18,1839016.1
C46H36O5N2,1512613.4
C32H38O14S2,1585553.6
C33H34O18,1552705.0
C48H36O6N2,1545614.3
C36H48O20,1628464.9
